job_title,company,job_location,post_date,salary,job_url,job_description
"Analyst 1, Engineering Operations",Comcast,"Philadelphia, PA 19103",Posted 3 days ago,Full-time,https://www.indeed.com/pagead/clk?mo=r&ad=-6NYlbfkN0Cj-KmZPsf9w80C8b1WzNVrlanjD2SXJjxuCbUWHsXPZkFBy4Qr63BQsiS8gW3X23o5J66g6DInb6WsV4vJ3mIKHKrfYKVgjX81a4KzoOCRygi_5S0w8O6krvyrkm_OVB5qWU9Ml418vxlcDWr2BALYMkdpC21dkAhVK-58cUPhdsacVlsjlp6zA__yHv17fDJLgt9i3Pq_vvmbpc3m538dZM2iYQfG_ULlYyo-925N0E06MXn2Tz5SGFaANluaE_JPPgbTjFBEPMHUQIfYI3Dquh9rJIdDwypgDHyy4KIvtfWqYndi2Pl5LKf0faF5iiSMv4lFX-X3Y0Zo26y8Mn6Nja_RKry7qU8Z2keTcVDP3eNFylstW2ocDRTOUU-7d2M-q45Vtb3zmN6NelCLPfoNmAsHF6te82F760ddZrF5Gvdp4l6cD44dAqrgyOK0Q_dV2vZvi4FJIbTUzccHdjPp8KFG65dmbvoDunst5irSSjwqQQewJvh8QXmdpZ1bPjm3qRRLvlwPUFdKLJr9mMPf0UticqVfIZzExLtXXIWqUuk5fSL7iET_7i1SKHIkLkxETZQipkCBHBQMRagMp_VFpY1WqQFkXTiRmR1i8jvwzsuxp4RmtaJ7y3z2bSVwbI0plykV9fSP33O3LcK3ul3r2CgYhNFxPo5WOTzALD3uZL4xp2oG3KQ1cpy8reGk3y61Js5Ui2GU9JAmFqISh_B6OfXnJfTSuAA80q6qtgRQD7C1GoNw9EKRTWOrmyiyL9h52bNUYZ-3lMIkw3-NFSR4TiJXv53qmOsCkEZQgCvTih_pct3dEHr9zWMZrEG2biaRqQnp_rKOmRNJDBgce08RGsjkVfNj_0FBSDlBU3JdTTh3xN_z0uV1_nRKYFa5FI_88mE9bRG7wQa3cxnVcxZqgP0K_Oipyk0992geosa4ln91b7D7carUl5O8g1EK7RgGTKKjzN1AxIkcTJAYI8PzHNQU0_IyLzOxuuvgbd1s9XUEGt3PMA_KqjqMplzL_4er2tRKE9VNtgkmDiUxe0HYH8o5Sjnyur4H_95ZIyMZo1iata2iDdSWUzGlqhV6F7nbGF3Ixrv8vqIQi-BqtYjXTT4pFbETj1NTZmGCrP0YDFrWtkcvZXmhhlSBL7jMv_tyH-bJrHKEcjVYmMcDGsknk-NNcPGoR9Inydwo79U63d62OW1eiU43mT1mMsQzBT0=&xkcb=SoB4-_M3MBrtb8wnAR0KbzkdCdPP&p=0&fvj=0&vjs=3,"Make your mark at Comcast -- a Fortune 30 global media and technology company. From the connectivity and platforms we provide, to the content and experiences we create, we reach hundreds of millions of customers, viewers, and guests worldwide. Become part of our award-winning technology team that turns big ideas into cutting-edge products, platforms, and solutions that our customers love. We create space to innovate, and we recognize, reward, and invest in your ideas, while ensuring you can proudly bring your authentic self to the workplace. Join us. You’ll do the best work of your career right here at Comcast. (In most cases, Comcast prefers to have employees on-site collaborating unless the team has been designated as virtual due to the nature of their work. If a position is listed with both office locations and virtual offerings, Comcast may be willing to consider candidates who live greater than 100 miles from the office for the remote option.) 
Job Summary Responsible for collecting, processing, analyzing and reporting data related to Engineering Operations. Produces both recurring and ad-hoc reports with the purpose of measuring progress towards goals, measuring performance against objectives and the identification of improvement opportunities. 
Job Description 
The Technology, Product, Experience (TPX) organization works at the intersection of media and technology and our innovative teams are continually developing and delivering products and next-generation technologies that transform the customer experience. The Comcast Network and CONNECTivity (CONNECT) organization is a highly agile, fast-paced, dedicated group at the forefront of change focused on innovating, building, and operating the best in class, most reliable access network for our customers. 

 About the Team/Role 
The Software Asset Management team provides oversight for all commercial software at Comcast. The team reviews software purchase requests, assists on strategic negotiations and renewals, responds to external audits, helps to identify and remediate vulnerable software, and generally guides the use of software throughout its full lifecycle. The team creates and maintains reliable data sources that are used to optimize the use of software, reduce risk, and manage costs. 


Core Responsibilities:


Collect, process, and analyze data to generate scalable dashboards and ad-hoc reports
Partner with team members and business leaders to understand reporting requirements, provide status updates, and build relationships
Partner with key stakeholders to analyze qualitative and quantitative data to determine areas of improvement, including gains in the efficiency and reliability of reporting
Derive actionable insights and create compelling stories to influence strategic decisions by key stakeholders
Regular, consistent, and punctual attendance

Additional Responsibilities:


Simplify and automate the collection and presentation of Software-related data.
Work across organizations to ensure the completeness and correctness of Software-related data.
Collect, review, and import data related to Software purchases and usage rights.
Assist with the testing, troubleshooting, and improvement of Software Asset Management tools, data, and processes.

Skills and Experience We're Looking For:


Bachelor’s Degree in MIS, Business, related fields, or equivalent work experience
Understanding of relational databases and experience with SQL are required
Experience with Business Intelligence tools such as Tableau is preferred
Experience with scripting in Python or similar languages is preferred
Basic knowledge of measurement and descriptive statistics is preferred
Proven analytical and problem-solving skills with the ability to tell meaningful stories with data
Excellent oral and written communication skills
Ability to work collaboratively in a team environment or independently
Highly organized with the ability to perform multiple tasks simultaneously and to work with strict deadlines
Consistent exercise of independent judgment and discretion in matters of significance.
Strong attention to detail
Willingness to learn
 About Our Perks & Benefits 
We are determined to create an environment where our employees feel valued, understand our business goals, and are motivated. 

 Here's a look at just some of the perks and benefits we make available to our US-based employees: 

 Medical & Dental 
401(k) Savings Plan 
Generous paid time off 
Life Milestones - from adoption assistance, childcare resources, pet insurance, and more, Comcast supports you at all life stages. 
Courtesy Services - We offer all of our full-time employees in serviceable areas free digital TV and internet. 
Discount tickets for Universal Resorts, including theme park tickets and onsite hotel rooms. 

 Learn more at https://jobs.comcast.com/life-at-comcast/benefits ( https://jobs.comcast.com/life-at-comcast/benefits ) 


Reasonable Accommodation:
 We will ensure that individuals with disabilities are provided reasonable accommodation to participate in the job application or interview process, perform essential job functions, and receive other benefits and privileges of employment. Please contact us to request accommodation. 
Comcast is an EOE/Veterans/Disabled/LGBT employer. 


Disclaimer:
 This information has been designed to indicate the general nature and level of work performed by employees in this role. It is not designed to contain or be interpreted as a comprehensive inventory of all duties, responsibilities, and qualifications. 

 === THIS POSITION IS INELIGIBLE FOR VISA SPONSORSHIP. TO BE CONSIDERED FOR THIS ROLE, YOU MUST BE LEGALLY AUTHORIZED TO WORK IN THE UNITED STATES AND NOT REQUIRE SPONSORSHIP FOR EMPLOYMENT NOW OR IN THE FUTURE. === 
Comcast is proud to be an equal opportunity workplace. We will consider all qualified applicants for employment without regard to race, color, religion, age, sex, sexual orientation, gender identity, national origin, disability, veteran status, genetic information, or any other basis protected by applicable law. 
Education 
Bachelor's Degree 
While possessing the stated degree is preferred, Comcast also may consider applicants who hold some combination of coursework and experience, or who have extensive related professional experience. 
Relevant Work Experience 
0-2 Years 
Base pay is one part of the Total Rewards that Comcast provides to compensate and recognize employees for their work. Most sales positions are eligible for a Commission under the terms of an applicable plan, while most non-sales positions are eligible for a Bonus. Additionally, Comcast provides best-in-class Benefits. We believe that benefits should connect you to the support you need when it matters most, and should help you care for those who matter most. That’s why we provide an array of options, expert guidance and always-on tools, that are personalized to meet the needs of your reality – to help support you physically, financially and emotionally through the big milestones and in your everyday life. Please visit the compensation and benefits summary on our careers site for more details."
Business Analyst (Hybrid),"Worldgate, llc","Hybrid remote in Philadelphia, PA 19130",EmployerActive 1 day ago,"$65,000 - $90,000 a year",https://www.indeed.com/pagead/clk?mo=r&ad=-6NYlbfkN0CdcVd3SDA1nO7RkKTAACmPV4xEt72Vls8LI2dqcgyOeFoEIK7vw24NuH0oBIaHqDe0tXgiV4Fgt0TyqVIvAwWA0-tSNGz6XlWMvuPDP7on5BxFYOWH-_55kmWt51AHiRkjBbZt8C1zIHBk-omWCPfrB8wKf_4E9htRaapMVbuBAww-8VDKHvoiAHd6kLTUK4zL1miPbAXq5dTZu8s9dsyE31HBKl4C7msKBBiBY72Wc5fIQkbGoGBGX-7iGo8sSAjTQrrKN7u4c2x0qF4NyGywd796mEDTB-DWnnOOQSo61v24FDOlHgMSghYt1IyKdsNNUdN8RLJ9JtCUBn7FF38bIC9FozEffx3xYiIYJXD4raW8KONyG2G3PywtQS9WeR4Rzbx-3rlf43ekGrgRfi6q-wkK2E_FypDjCuaIfdav94IlA-t9UeRR-E0typjEjoJ2p_IzYy-PxaNOowIe9LUOF5quRWthDaD_3WPsOnjPv6r7IA701WaD3Q2HHscNB7eag64Uj3KuJhs_Hx0qEmZUPtccyN6rlV4=&xkcb=SoDl-_M3MBrtb8wnAR0JbzkdCdPP&p=1&fvj=1&vjs=3,"Job Summary:
The ERP Business Analyst (BA) supports our client's ERP systems project. The BA works with our client’s functional and technical stakeholders to gather business requirements and document processes for ERP system testing and QA. The BA will coordinate project stakeholders to effectively implement large-scale organizational, process and system improvements. The BA will report up to project stakeholders using project management tools and desired client reporting structures. The position is located onsite and remote in Atlanta, GA with a hybrid work option available.
Essential Functions / Responsibilities:

Support in the design, configuration, and implementation efforts or the system modules.
Develop Testing Plans, strategies, and test cases
Document and communicate test results
Identify and facilitate issue resolution with functional and technical groups
Conduct business analysis activities by working with functional and technical stakeholders to support the functional systems, data integrations, data validation, data cleansing, testing.
Seeking experience with a client or vendor relationship, implementing business application systems such as ERP (Oracle, SAP, Microsoft, Salesforce).
Organize and facilitate stakeholder requirement sessions
Demonstrate the ability to document, define, analyze and translate functional and technical business requirements
Translate business needs into requirements specifications and clearly communicate requirements to both the business and technical stakeholders
Lead in the development and review of requirements documents, use cases, test cases and other functional and technical artifacts
Promote best practices in data analysis and reporting
Capture and document meeting minutes, requirements, work-flows and best practices
Effectively communicate to management and client stakeholders on work products and status
Participate in enterprise-level project teams to identify and implement process and system improvements.
Responsible to understand Worldgate’s values and behaviors (The Worldgate Way)
Ensure that my daily interactions with Worldgate internal and external parties align to Worldgate’s values and behaviors.

Key Competencies:

Business Analysis
Problem Solving
Technical Capacity
Team Collaboration

Education, Experience and Certifications:

Bachelor's degree (B. A. or B.S.) from four-year college or university
3+ years of experience as a business analyst focused on enterprise IT systems
Experience supporting the implementation of an ERP system
Experience with SAP Implementation

Specific Knowledge, Skills & Abilities:

Excellent documentation and writing skills
Experience with data analysis using Microsoft Excel and SQL Database
Experience with implementing large-scale organizational, process and system improvements
Organizational skills, communication skills and strong attention to detail
Knowledge of BI reporting tools
Knowledge of back-end database systems and database languages

Worldgate LLC provides equal employment opportunities to all employees and applicants for employment, without regard to race, color, age, creed, religion, sex, sexual orientation, ancestry, national origin, disability, pregnancy, marital status, or gender identity.
Job Type: Full-time
Pay: $65,000.00 - $90,000.00 per year
Benefits:

401(k)
Dental insurance
Health insurance
Paid time off
Vision insurance

Schedule:

8 hour shift

Ability to commute/relocate:

Philadelphia, PA 19130: Reliably commute or planning to relocate before starting work (Required)

Application Question(s):

Are you authorized to work in the United States WITHOUT sponsorship?

Education:

Bachelor's (Required)

Experience:

Microsoft Excel: 3 years (Required)
Business analysis: 2 years (Required)
ERP systems: 2 years (Preferred)

Work Location: Hybrid remote in Philadelphia, PA 19130"
Senior Business Analyst,Aspire Staffing Group,"King of Prussia, PA",EmployerActive 3 days ago,"$70,000 - $85,000 a year",https://www.indeed.com/pagead/clk?mo=r&ad=-6NYlbfkN0D7CqAi_vSBvr_ydCHpXESC5tf4cKxyBnkP3Tn4QyxSF2q_AB4qaf69_NGtgOjVrF3ZicdLpleZXRhNUERXpLhTBiQPmqWBfrYMwjLgoiBtEqAZpEFxLgxPQJrFa8Lk8oVu4yOusQIhDO1QMXRqzDFo7imSfWn_ommPZmwdVgec5X6ZUwXfzTgdTnCKa-FeA4yDWDuRIMJx-JMFOQrslWP4D4iKZnO5GXGFIRkHxP6fUW378z6thLir5Vi2-CcTdbWhsPVxUj7SJb1JI5-xpeIZ4tgQcjDJStnFAm5fWOyXmm6ekFjObSlRzIiLwXM-oQEuuTW9ZDqeyESe__hH5yuLAHQoHst7b9gUr9oxDKYMfn4fYePvQs9DwJSfVuPHXewCVISWUvcN_-SCh13fdaUc3Br9ljJ6W6WppH3IBobjNnAZssraunfp-EUvI0lWR7qQbmXDmkUvlCUs0WKMs6CegoN-M13kbWQ1InZaYgCV1NJXEMJeVJOgXU47gkIhbNFchdZar1e1zN8wCskm7w3G9957O5kPK3vL5Npko-P6Pg==&xkcb=SoBR-_M3MBrtb8wnAR0IbzkdCdPP&p=2&fvj=1&vjs=3,"Aspire Staffing Group is assisting our client, a large, global, company located in the King of Prussia area in seeking a Senior Business Analyst. The ideal candidate will assist with analyzing the business units performance, assist with the preparation of presentations and assist in the preparation of finance models.
Culture:This company has an amazing and inclusive culture. The company is extremely diverse and strives to be a leader in social and environmental issues. They foster growth within the organization by creating new opportunities for team members to develop and grow. Here are some of the benefits the company offers:

Fantastic benefits package
401k plan with company match
Generous PTO time.

Roles and Responsibilities:

Analyze financial data for the unit.
Provide support for the financial team in day-to-day operations.
Conduct market research.
Perform other ad-hoc duties as requested.

Job Requirements:

Bachelor’s degree required (Accounting or Finance)
3-5 years of relevant experience
Experience with Excel formulas and functions
Excellent communication skills

Pay Rate:$70,000 - $85,000 dependent on experience
#INDH
Job Types: Full-time, Permanent
Pay: $70,000.00 - $85,000.00 per year
Benefits:

401(k)
Dental insurance
Health insurance

Experience level:

3 years

Schedule:

Monday to Friday

Ability to commute/relocate:

King of Prussia, PA: Reliably commute or planning to relocate before starting work (Required)

Work Location: In person"
"7115-Sr. Analyst, Data Management",Comcast,"Philadelphia, PA 19103",Posted 4 days ago,Full-time,https://www.indeed.com/pagead/clk?mo=r&ad=-6NYlbfkN0Cj-KmZPsf9w80C8b1WzNVrlanjD2SXJjxuCbUWHsXPZkFBy4Qr63BQKSyytxWB3SiIla6LhpMQCrjk6QoUTmichogMN3_WwJh85OQpGPTwf3vbZ5hmvRdyIHsFNw-AxfL-9kKHXKMFW0EBQvC95Av7rSm7Nn7B56noLkG5RK7f1NWw65ASj4jl75Evg_EPsuyBuYvgTgrWCX75iqtYHLfKa1gLDcnW8TGcQTspszTb9xywXGYs3BxbTFHYBKt7Agf83zU-Km7Vn3PDrKZve8ho8qmmWNbRRCkSS5WUdMmbrlNv5NhXtSJ9Lk12dnlqdHYbjAOMsFsOn9cee1PBqC-oAMHeI7YbIJNBUVwho1V1AzZipMVpcFuqWjZb4w5oNKmESfN0R6yuN2ciXWVFoEymWdExBaJgiF0tYi6a_g1MOrHj_mtgZkZH5Dp7EJKK6Dx39B0b7hoHhL959Ibe_7qDtvcAVEk_iccllTiLzh0UtlXxC8BPrqA1L6yhjsiQ-ktBPIWxfj0VZuEqXvSbGe6q_pzGsLWIpi8YXJmQv8YHSr1VWQ-6nb0_otjZQb9c2w3LcfWvR_l0V3ketQf0UFeK2sR46m0avoxRSQrC_yvRNJZSc0QaJtkHw9mUmXeTbJWqKsxMJRekSIR0XBZavVWc-44tCt75R1Ur_z528uz-xUAQ9pksEWFjqPZFG5jLbN7tT2Srx4DhOtmzpuGEzKcKgZl8LQ6H9d6lpsAhfPGZ2adppxQz2O5aMkT4m8_LBALCYXegaFrkAkLGlJ2upCxZu-_TiPXcV8ofIVpB87Ok1hy_woLKM4xFlKqs2FQzwDRKSMxkwdQwWwMc83MaO039NLzCHAd8cutVCzGt5tMyv5vK_Hbdt0QLgkGeaQAp1qVf3CM8z_gcduz9hvVE5VU7E6d8JYhQdyyMj2XQuHSDyNSJIZz8RUERj2ZVwZ03GC2B4V7F19Zw4cOqgpAIKN-jNigEzNQvgvme0vXZDrdiQvhv9JOMVlSaCzvjWzt69Z4GYXthiBsQtKZLoggUomofNvsftlhNXOeWjmKhozOpSZZtcBEkUdvuLvcrHmR0GuvgqxYux6s1SJueLhndvdEg-SoMotbJxdL6ugNaI2_oYIeBglFFCjNWJbhDZEMZDHyzUQjlPvhDgrIVmIRysrU1hvIhsuLHyckhcIveBYuknOWGHBK2sGivali5Dnmj3kQ=&xkcb=SoDf-_M3MBrtb8wnAR0PbzkdCdPP&p=3&fvj=0&vjs=3,"Comcast brings together the best in media and technology. We drive innovation to create the world's best entertainment and online experiences. As a Fortune 50 leader, we set the pace in a variety of innovative and fascinating businesses and create career opportunities across a wide range of locations and disciplines. We are at the forefront of change and move at an amazing pace, thanks to our remarkable people, who bring cutting-edge products and services to life for millions of customers every day. If you share in our passion for teamwork, our vision to revolutionize industries and our goal to lead the future in media and technology, we want you to fast-forward your career at Comcast. 
Job Summary 
Job Description 

DUTIES: Contribute to a team responsible for providing uniform access and complete transparency for Comcast data assets to enable informed business decisions and drive growth; ensure new data integration, integrity, and standardization throughout the project lifecycle; analyze data using SQL; utilize and access data foundry data with Teradata, MinIO, and AWS; standardize referential data use for data analysis and project output; integrate finance data with company assets; identify and build source to target mapping for key data assets and attributes; develop business rules and logic to synthesize data; gather technical requirements for business intelligence projects, and document requirements for enterprise base and semantic layer; create test plans; execute User Acceptance Testing (UAT) for data dependent projects; collaborate across data architecture and project management teams to understand business needs and establish timelines; and maintain detailed documentation of processes 


REQUIREMENTS: Bachelor’s degree (or foreign equivalent) in Computer Science, Engineering, or a related technical field, and two (2) years of experience analyzing data using SQL; gathering technical requirements for business intelligence projects; and conducting User Acceptance Testing (UAT); of which one (1) year of experience includes accessing and using data foundry data using Teradata and MinIO 


Disclaimer:
 This information has been designed to indicate the general nature and level of work performed by employees in this role. It is not designed to contain or be interpreted as a comprehensive inventory of all duties, responsibilities and qualifications. 

 Comcast is an EOE/Veterans/Disabled/LGBT employer. 

 Comcast is proud to be an equal opportunity workplace. We will consider all qualified applicants for employment without regard to race, color, religion, age, sex, sexual orientation, gender identity, national origin, disability, veteran status, genetic information, or any other basis protected by applicable law. 
Base pay is one part of the Total Rewards that Comcast provides to compensate and recognize employees for their work. Most sales positions are eligible for a Commission under the terms of an applicable plan, while most non-sales positions are eligible for a Bonus. Additionally, Comcast provides best-in-class Benefits. We believe that benefits should connect you to the support you need when it matters most, and should help you care for those who matter most. That’s why we provide an array of options, expert guidance and always-on tools, that are personalized to meet the needs of your reality – to help support you physically, financially and emotionally through the big milestones and in your everyday life. Please visit the compensation and benefits summary on our careers site for more details."
Information Systems - Sr Data Analyst,Hajoca Corporation,"Lafayette Hill, PA 19444",Posted 9 days ago,"$90,000 - $100,000 a year",https://www.indeed.com/pagead/clk?mo=r&ad=-6NYlbfkN0DYXn8g8nr2z6cvPITDqo1f60Xx98C0-J_A4eBWTlr8YthPOIVewD1auXIzxJY8cqlCExPAaR7RuZeqLB-Y2bev2SRMVQ9hEVVdjtbFGq3ChjYDX_HwvqICAqhef90sLmeHpG0WjS8NZ-7SCwUqzud61LtbBChCEEcCnaPQMdCLnJcXfqTmjDCV5DkidgvAE389wwhJXAS2qH8ZVxBO4ugak2h6Uam1MIHLnOvlWqEhRgocNHOTx6ZYfIZtZoFmb0jzQ-8uEEWyEF4segJuxWG1MKEfX5w_MRaquygUiIuU6xvqlszkNzmtDMa81UcWX1eQn-JfPi161wCh3y7pKkk8RMREz9HJS0YuRIclI3R36Y5lPi8SMxtdwO5pwlk1ffuPzYStYFqSqxJThWEdT18h9ubUdQ3jfq5WzmriD9KP5mVNo_ZMIgvwZ-Wd1sdzbcqydpA3gWhVNVU4jqsDTPEJafSA3pRhce4rPiLyOYwNEuyQhnIHlk38cqaLVjUWvbNNga2kpIHSzrGAkLaSATiOWHKy8rGs_jaY95w0lG20Z7m9PnxgDxN1TYxQWwZJ_ZKfc4H6jaLJ5mbYgujZXp0fBIWsK0K-dTEvui20a-2lUecBCZj0UN4ksQP6OvxR1CBM1psxyf66fKFR73RhBl92oMjtdm9R1Ao=&xkcb=SoBr-_M3MBrtb8wnAR0ObzkdCdPP&p=4&fvj=0&vjs=3,"Hajoca Corporation is one of the country’s largest privately-held wholesale distributors of plumbing, heating & cooling, and industrial supplies. Founded in 1858, Hajoca is a company based on the principles of “Service, Integrity, Reliability,” and on relationships of trust and support with teammates, customers, and suppliers. Throughout its history, Hajoca has played an active role in shaping advances in plumbing. However, we attribute our success to two simple truths; a unique business philosophy and talented people. Hajoca is all about the people, who give us our advantage, and who will guide us successfully into the future. 

 Hajoca has over 400 locations nationwide, called Profit Centers; and at the foundation of our family of businesses is a National Support Center (NSC) where Centers of Excellence are dedicated to enabling the success of our Profit Centers. 

 The Information Systems team in our National Support Center (NSC) is looking for a Senior Data Analyst at their Lafayette Hill, PA office. 

 Pay for the Senior Data Analyst is between $90,000 - $100,000/year at this location. 

 Job Summary 
Seeking an experienced and skilled Senior Data Analyst to join our dynamic team. As a Senior Data Analyst, you will be responsible for extracting valuable insights from complex datasets, driving data-driven decision-making, and contributing to the overall growth and success of our organization. You will collaborate closely with cross-functional teams, including business analysts, and key business stakeholders, to help champion data-driven solutions that address critical business challenges. 

 Responsibilities 


Organization: Reports directly to the Director of Data Management
Data Analysis and Interpretation: Conduct comprehensive analysis of large, complex datasets to identify trends, patterns, and actionable insights. Utilize advanced statistical techniques and data mining methods to uncover correlations, causations, and predictions.
Reporting and Visualization: Create clear and concise reports, dashboards, or data visualizations to effectively communicate findings to both technical and non-technical stakeholders. Develop interactive visualizations that facilitate data exploration and drive data-driven decision-making. Create report specifications and mockups to find practical yet progressive ways to visualize data.
Data Quality and Governance: Ensure data accuracy, consistency, and integrity by implementing or facilitating data quality controls, validating data sources, and resolving data inconsistencies. Contribute to the development and maintenance of data governance policies and procedures.
Cross-functional Collaboration: Collaborate with various teams, including developers and architects, other analysts, data engineers, and key business stakeholders, to define data requirements, understand business needs, and provide analytical support. Translate business questions into data-driven analyses and actionable recommendations.
Performance Monitoring: Monitor and evaluate the performance of data-driven initiatives, proof of concepts, and projects. Conduct or perform A/B testing and provide insights on key performance indicators (KPIs) to optimize business processes and drive continuous improvement.
Data Strategy and Innovation: Stay current with the latest industry trends, technologies, and best practices in data analysis and data management. Contribute to the development of data strategy roadmap, identify opportunities for innovation, and recommend data-driven solutions.
 Requirements 


Education: Bachelor's or Master's degree in Statistics, Mathematics, Computer Science, Economics, or a related technology field. A solid understanding of statistical concepts and data analysis methodologies is favorable.
Experience: 3-5 years of experience in data analysis or a related field, with a proven track record of delivering analytical insights. Experience in a senior or lead data analyst role is preferred.
Technical Skills: Proficiency in SQL for data manipulation and extraction. Experience with statistical analysis tools, such as Python and R, is highly desirable. Experience with or working knowledge of data visualization tools such as Tableau, Power BI, or D3.js is highly desirable. Familiarity with machine learning techniques and predictive modeling is favorable.
Analytical Mindset: Strong analytical and problem-solving skills with the ability to translate complex data into actionable recommendations. A keen attention to detail and a curiosity to explore and uncover insights from data.
Communication and Collaboration: Excellent verbal and written communication skills with the ability to present complex findings in a clear and concise manner. Strong interpersonal skills to collaborate effectively with cross-functional teams and stakeholders.
Business Acumen: An understanding of supply chain operations and the ability to translate business requirements into data-driven solutions. Experience in distribution industry or domain knowledge is advantageous.
Adaptability and Leadership: Ability to work in a fast-paced environment, manage multiple projects simultaneously, and adapt to changing priorities. Demonstrated leadership skills to mentor and guide junior analysts, as well as influence and drive data initiatives within the organization.
 If you are a highly analytical individual with a passion for extracting insights from data and driving data-driven decision-making, we would love to hear from you. Join our team and contribute to transforming the enterprise into data-driven culture. 


The benefits of working with us:
 Our culture is well-suited for exceptional people who use their talents to drive business and want to share in the financial success their efforts yield. In addition to a competitive starting wage, we offer a Profit-Sharing Program that provides each team member with an opportunity to earn a direct share of the profits on an annual basis. In addition to our generous compensation package, Hajoca also offers: 


Medical, dental, vision, and prescription coverage
401(k)
Retirement cash account with company contributions
Life insurance
Pre-tax accounts for healthcare and dependent care
Paid vacation, holidays, and sick time
Targeted training programs focused on your personal and professional growth
 EEOC Statement 
Hajoca Corporation is an Equal Opportunity/Affirmative Action Employer (Equal Opportunity Employer/Veterans/Disabled). 

 All qualified applicants will receive consideration for employment without regard to race, color, religion, sex, sexual orientation, gender identity/expression, national origin, age, veteran status, disability, or any other protected category pursuant to federal, state or local laws and will not be discriminated against on the basis of any such categories/status. Hajoca values diversity, equity and inclusion and this policy applies to all employment practices at Hajoca. Hajoca is committed to providing reasonable accommodations for qualified individuals with disabilities including, but not limited to, during the application process. Please let us know if you need assistance or an accommodation due to a disability. 

 Background Screening Statement 
We are a drug free workplace. Employment is contingent upon pre-employment drug screening, and successful completion of a criminal background investigation subject to any federal, state and local laws."
"Data Analyst, Operational Compliance",Comcast,"Philadelphia, PA 19103",Posted 2 days ago,Full-time,https://www.indeed.com/pagead/clk?mo=r&ad=-6NYlbfkN0Cj-KmZPsf9w80C8b1WzNVrlanjD2SXJjxuCbUWHsXPZkFBy4Qr63BQKSyytxWB3SgiPm-LRoloL3zcOZNogVoqyK-zuNf0mTd5cuIgfEaJEzxbNBJvHD-RZRJNZhDtHdHhwRDgReMPJjq_d22kh0Ce-ih4OIQWXL5eGp6iAdcCYRHScBCKVh3Q2PtwK4s1NIrXtzKlMXou4PAJ9WAi34hPSXswhrPXddttfX5j___lfKHbREyyYlZwZaMkpBxkZgUgcDk3eLCqaICqtFK5pgZwDBiF14gUjggmNoy5fxE9iuT5fDZWmSKoZ48YYvPkrf5vDf_irzsaBgvNHuXF-Wnvo6sQu7SbfckL2-6GnP59gthRvuyraPyDqa-1doWnhOAmgOVNdPqbCYf_jcJ9LksARYs2JujbiQdfxeTjwKqHx4INnKXROp4UzQ3MHor4iHwmmrZGrWnttKTdyoT-xqizAoADn95zUBG_RsEA_vhNsL5P3lYaIVYEE551eOqD0sYG5xP4LgZ6mcUi2k3jvTcopKsXb5aW32s9W_50BaZ56C6I54_oIeu00sUY1BATTPmsIr847AKnknJWnri-7g_JPE-osuQgRSIriFyRlY8ZSdrNhMKHv1YdaPC3j-qZ8rs8GZTssdpf1CEnWSa0aHMqubP_aifbU-U2ELd5G1-sRjSW1GPW4hPPbCpHCtQrvwjKQ1X7XBY5wNgPT5p6fu1JiThuBDJZ04ToA_vt3NHI4AacDqq4eqT5kMqWvnhwKwOzmMXWh0328z-gCK7CUrXOvqeI7N497wdd7Msd4bShxkTVXZSu2vxFjm4OVvIxhjA07-A_ZTx7LVkyO5foBWycecQOL8Yb6b5KQf4Y0yD-LquKLuiPH4No4yYBQjtlq_d_S9MhLqN_TdlwnHMS1Ws-zk9gNty7Qw0R8dvSWf_OfN6cbCW4wbl0x-z0G6AIT8o5Nd0IIJOjLWW6DkIsaB4RaAoaufZBDcmLyIQOFnKFyJ2_njlO2lJAG5Wm6fIwkMaxM14LvK4VClHVJyEZg22En2G5VU-1lBspJiOW_lH86MKNLAPqjt46oc7Phlqiv70ve4HSYM9BNd_gGYG9rkuesx1OPCCtM9HED1PBq6aZThQE77hjX6BGW1Snrl1a3uQL8gWnDoKCDJ_KiF6WNhbMzh1S1h-kU2QmZjuFMknIIWebhHfzr-9KMCOI5MLkMOQ=&xkcb=SoD2-_M3MBrtb8wnAR0NbzkdCdPP&p=5&fvj=0&vjs=3,"Comcast brings together the best in media and technology. We drive innovation to create the world's best entertainment and online experiences. As a Fortune 50 leader, we set the pace in a variety of innovative and fascinating businesses and create career opportunities across a wide range of locations and disciplines. We are at the forefront of change and move at an amazing pace, thanks to our remarkable people, who bring cutting-edge products and services to life for millions of customers every day. If you share in our passion for teamwork, our vision to revolutionize industries and our goal to lead the future in media and technology, we want you to fast-forward your career at Comcast. 
Job Summary Responsible for working cross-functionally to collect data and develop models to determine trends utilizing a variety of data sources. Retrieves, analyzes and summarizes business, operations, employee, customer and/or economic data in order to develop business intelligence, optimize effectiveness, predict business outcomes and decision-making purposes. Involved with numerous key business decisions by conducting the analyses that inform our business strategy.This may include: impact measurement of new products or features via normalization techniques, optimization of business processes through robust A/B testing, clustering or segmentation of customers to identify opportunities of differentiated treatment, deep dive analyses to understand drivers of key business trends, identification of customer sentiment drivers through natural language processing (NLP) of verbatim responses to Net Promotor System (NPS) surveys and development of frameworks to drive upsell strategy for existing customers by balancing business priorities with customer activity. Works with moderate guidance in own area of knowledge. 
Job Description 
Core Responsibilities 
Works with business leaders and stakeholders to understand data and analysis needs and develop technical requirements. 
Determines relevancy of data and identifies alternative data sources as needed to ensure analytics requested by business stakeholders can be completed. 
Analyzes large, complex data to determine actionable business insights using self-service analytics and reporting tools. 
Queries disparate data platforms such as Teradata, SQL Server, Hadoop, AWS and Azure. 
Combines data as needed from disparate data sources to complete analysis. 
Identifies key business drivers and insights by conducting exploratory data analysis and hypothesis testing. 
Develops forecasting models to predict sales, demand and other key business metrics. 
Analyzes the results of campaigns, offers or initiatives to measure their effectiveness and identifies opportunities for improvement. 
Communicates findings clearly and concisely through narrative-driven presentations and effective data visualizations to Company executives and decisionmakers. 
Promotes and evangelizes a culture of excellence, data driven discussions, healthy skepticism, intellectual curiosity, knowledge sharing, and teamwork. 
Stays current with emerging trends in analytics, statistics, and machine learning and applies them to business challenges. 
Consistent exercise of independent judgment and discretion in matters of significance. 
Regular, consistent and punctual attendance. Must be able to work nights and weekends, variable schedule(s) as necessary. 
Collaborate with Business stakeholders and IT teams to analyze requirements and translate them into technical specifications for Power Platform. 
Design develop and customize Power Apps canvas and model-driven applications, including custom connectors, entities, forms and workflows. 
Develop and implement Power Automate workflows to support business processes, integrate systems and streamline data flows. 
Design and build interactive and visually appealing dashboards, reports, and data visualizations using Power BI or Tableau. 
Ensure the security, performance and scalability of Power Platform solutions by following best practices and conducting thorough testing and debugging. 
Write efficient SQL queries to extract, transform and load data from different database systems. 
Design, develop and maintain Python scripts, modules, and applications for various data processing tasks. 
Other duties and responsibilities as assigned. 


Employees at all levels are expected to:
 Understand our Operating Principles; make them the guidelines for how you do your job. 
Own the customer experience - think and act in ways that put our customers first, give them seamless digital options at every touchpoint, and make them promoters of our products and services. 
Know your stuff - be enthusiastic learners, users and advocates of our game-changing technology, products and services, especially our digital tools and experiences. 
Win as a team - make big things happen by working together and being open to new ideas. 
Be an active part of the Net Promoter System - a way of working that brings more employee and customer feedback into the company - by joining huddles, making call backs and helping us elevate opportunities to do better for our customers. 
Drive results and growth. 
Respect and promote inclusion & diversity. 
Do what's right for each other, our customers, investors and our communities. 


Disclaimer: This information has been designed to indicate the general nature and level of work performed by employees in this role. It is not designed to contain or be interpreted as a comprehensive inventory of all duties, responsibilities and qualifications. 

 Comcast is an EOE/Veterans/Disabled/LGBT employer. 

 Comcast is proud to be an equal opportunity workplace. We will consider all qualified applicants for employment without regard to race, color, religion, age, sex, sexual orientation, gender identity, national origin, disability, veteran status, genetic information, or any other basis protected by applicable law. 
Education 
Bachelor's Degree 
While possessing the stated degree is preferred, Comcast also may consider applicants who hold some combination of coursework and experience, or who have extensive related professional experience. 
Relevant Work Experience 
2-5 Years 
Base pay is one part of the Total Rewards that Comcast provides to compensate and recognize employees for their work. Most sales positions are eligible for a Commission under the terms of an applicable plan, while most non-sales positions are eligible for a Bonus. Additionally, Comcast provides best-in-class Benefits. We believe that benefits should connect you to the support you need when it matters most, and should help you care for those who matter most. That’s why we provide an array of options, expert guidance and always-on tools, that are personalized to meet the needs of your reality – to help support you physically, financially and emotionally through the big milestones and in your everyday life. Please visit the compensation and benefits summary on our careers site for more details."
"Analyst 2, Business Intelligence",Comcast,"Philadelphia, PA 19103",Posted 3 days ago,"$48,284 - $113,167 a year",https://www.indeed.com/pagead/clk?mo=r&ad=-6NYlbfkN0Cj-KmZPsf9w80C8b1WzNVrlanjD2SXJjxuCbUWHsXPZkFBy4Qr63BQKSyytxWB3ShR8aCORm39RkZbdbgEM36Wl6W6heu9QD80ewXU7X3NN_J4njVX16mQmTi8XRzAirWeqVtzbiO72JOzmY0_dS89i3jcbK1k93jGugBzl9d1m-RZu7LMkROqt_97xg1acYB63M5yfob3K_fwTuqkpWmuo5c-EIQautQyphFMVh4icTCoazjAb7rQ_ZOuliKREWmQDLaPMbSpTD1vB0ZV_zgS3DuM4E4g2RzTZW_el3PW0JPSJtloMHB5ie1Qdhv3tO2ElT14mQeQxzN7a_-3UL1sVsOTbDf5xBjstkt-UpY0WlvbpLOYB31Y3LlWeOpf2CEUHP_SFEDjiSZgmgsLXnqudc-pse3uMPXUzdKxPwV30SJVfXk_D-GSBkt5CONBVzB8N8sXiPTz-WHPtwAgbEZ2y2CmLzDc4qFDnIO51SoNewpj2wuiyM4-VPnTSe7ngd63ktZRx-8H9o_SMRuskraMYpZbFewSNJcuKMIWJD5RsF19rrmnRmXeLSOeH8LDuoLsGg2Wimt3Oj-u7_Zf40x8e3Tm_BD6MWfmKWPU-QZVKMyuRCk7FV84zYMWGXtUr-0WEk3rrFxsfG-VA7gqFe0ZCp86sAXw4gYsUixBRVK1dDpkGW7coDopBaqWt-1SQKjPRDc7o0I6yCt2B-Z-UNGym3gRMLzZ4zM_R3WgLVBfwLyLL9He-1Xx9sKUoAJGKRFP3OfdTHxwtABYATQYmcfYuMurK3LsfZP4AWBWelFQ_geKe7_hfXeRePYFb3XL0d92zdttFICt2LnOzIGEa3rDlxOCzdU7CjMqKdFg99Zlb5ZuH6zggvPrvRnFHtsQ2gIhh3jBs-OI78WsbQEcp314M8WIZ0z1A2QKorb27FgaeOlzgNZSISIiakoCc8SFberKDLfWV-rTNaMI65SBNSkfkmPXc6veQHzCCeT8ia8gMiLeRbkBuldub_tzDVNG3veqI6SPw709lt14lx_p5gwsI4Bqwy5wns7N5CdwrkdJYOLBmDtpjd-9ogQnWpe0-fDI6QoAPt1uH_MGrFXyU-_4wgTOl9lOAhB3X9Xjs8IXsPod4nWx2YiRT3cwTrGcVUNWKBcYhi8VWoSdSzWq4IL-tuGGDfT0poh_3Q_uO-h3G2KXJi4ieetNt_jjHGhbfW0=&xkcb=SoBC-_M3MBrtb8wnAR0MbzkdCdPP&p=6&fvj=0&vjs=3,"Comcast brings together the best in media and technology. We drive innovation to create the world's best entertainment and online experiences. As a Fortune 50 leader, we set the pace in a variety of innovative and fascinating businesses and create career opportunities across a wide range of locations and disciplines. We are at the forefront of change and move at an amazing pace, thanks to our remarkable people, who bring cutting-edge products and services to life for millions of customers every day. If you share in our passion for teamwork, our vision to revolutionize industries and our goal to lead the future in media and technology, we want you to fast-forward your career at Comcast. 
Job Summary Responsible for defining business intelligence requirements for individual subject areas; develops conceptual data models, design, build and test sets of reporting and analytic business intelligence programs. Works cross-functionally to collect data and makes actionable recommendations at all levels. Infers trends from a variety of data sources and confidently delivers their interpretation; makes recommendations to executives. Works with moderate guidance in own area of knowledge. 
Job Description 
Core Responsibilities 

Preferred technical skills needed: Teradata SQL, Tableau, Power BI, and advanced Excel. 
Plans and executes multiple projects involving all aspects of business intelligence solutions and data, including business intelligence analysis and data exploitation. 
Takes business intelligence to the next level to support business decisions and recommend best practices and policy in business intelligence implementation, maintenance and data quality. 
Contributes to a variety of projects related to development, testing and implementation of new and modified business intelligence systems in an efficient and cost-effective manner. 
Leads analysis and recommendations relating to organization's optimization and testing efforts. 
Customizes business intelligence report contents and views using Excel, Access and other tools to meet the requirements of internal business customers. 
Works with team and customers to define business requirements, resolve technical issues and provide training. 
Works cross-functionally to implement key projects. Interfaces with other departments to leverage data for their respective business needs. 
Tracks web site usage using Omniture and other web tracking tools. 
Consistent exercise of independent judgment and discretion in matters of significance. 
Regular, consistent and punctual attendance. Must be able to work nights and weekends, variable schedule(s) and overtime as necessary. 
Other duties and responsibilities as assigned. 


Employees at all levels are expected to:
 Understand our Operating Principles; make them the guidelines for how you do your job. 
Own the customer experience - think and act in ways that put our customers first, give them seamless digital options at every touchpoint, and make them promoters of our products and services. 
Know your stuff - be enthusiastic learners, users and advocates of our game-changing technology, products and services, especially our digital tools and experiences. 
Win as a team - make big things happen by working together and being open to new ideas. 
Be an active part of the Net Promoter System - a way of working that brings more employee and customer feedback into the company - by joining huddles, making call backs and helping us elevate opportunities to do better for our customers. 
Drive results and growth. 
Respect and promote inclusion & diversity. 
Do what's right for each other, our customers, investors and our communities. 


Disclaimer:
 This information has been designed to indicate the general nature and level of work performed by employees in this role. It is not designed to contain or be interpreted as a comprehensive inventory of all duties, responsibilities and qualifications. 

 Comcast is an EOE/Veterans/Disabled/LGBT employer. 

 Comcast is proud to be an equal opportunity workplace. We will consider all qualified applicants for employment without regard to race, color, religion, age, sex, sexual orientation, gender identity, national origin, disability, veteran status, genetic information, or any other basis protected by applicable law. Comcast will consider for employment qualified applicants with criminal histories in a manner consistent with the requirements of applicable law, including the Los Angeles Fair Chance Initiative for Hiring Ordinance and the San Francisco Fair Chance Ordinance. 
Education 
Bachelor's Degree 
While possessing the stated degree is preferred, Comcast also may consider applicants who hold some combination of coursework and experience, or who have extensive related professional experience. 
Relevant Work Experience 
2-5 Years 


Salary:

National Pay Range: $48,284.44 USD-$113,166.66 USD 
Comcast intends to offer the selected candidate base pay within this range, dependent on job-related, non-discriminatory factors such as experience. 
Base pay is one part of the Total Rewards that Comcast provides to compensate and recognize employees for their work. Most sales positions are eligible for a Commission under the terms of an applicable plan, while most non-sales positions are eligible for a Bonus. Additionally, Comcast provides best-in-class Benefits. We believe that benefits should connect you to the support you need when it matters most, and should help you care for those who matter most. That’s why we provide an array of options, expert guidance and always-on tools, that are personalized to meet the needs of your reality – to help support you physically, financially and emotionally through the big milestones and in your everyday life. Please visit the compensation and benefits summary on our careers site for more details."
Data Analyst - Industrial Training,"Systems Planning and Analysis, Inc.","Philadelphia, PA",Posted 30+ days ago,Full-time,https://www.indeed.com/pagead/clk?mo=r&ad=-6NYlbfkN0A9iRlroMm07lYYI3dFCEt8cETOqHrMaOLrsdITsZByvZoCC-PkIsZ9mbEra9SadPKl2ykK9-NvhKqXbtwPdjQAPxybUC6ufxUxv0mKPxN4zQDGpPf0OeSjVvG3tSt7lIOSJo4_BWHPplTZG1he8ONfnopOihp7mrE09odeu9cmFDzkXOkrgV3zUU0-Wv43BX6JWDkQNvO-n7hD_3o0WPbChWhUm6To9jxj1I6UkbmlLhfzM5_ZQPzcFQblgdBjuh9uOIl2Yl89D6Cp_DDZWwg6BNiKGsYRhFfK-k9C306A0XPUumeOASDSxnc0NCbLcr3WQ-3TIInlvzdYg-Qa5Itnb_R7nTR7tVbo2FhGapyr210sobSf9t5JSph7X5TZXncFXdcGQcbue_UqiynltmGeQ-1zA4RKo5-R_OpC10JC9Oa0pT-IsPhNDYRzs7tKUxoAmyEda8STbNDZMwLSZlxEuFzFaIkd3gpV0WIsODfQCfb9WTXD6UejgErClQGsOmuR43vnEgC6E_KTLXjQc06bvVEP82wz9BzZV8vS8TUTf3yDe6jp0uC7k6gdxIPIFoPOrC7acdFUroHjXbm4fxGfQnFopetuudnfswd4hGcTUlrRo-jCZfKvzGTtsd2nfgpnlzcRkQPOb7RBngYsMY176aY6WXYYXxxvJbXuuF38QmI8A4KclTNqkVGtULlY0ubAoIuRQYX2DqgAg2fyCyzRKolVFELISC2BjliEOvnujg==&xkcb=SoCr-_M3MBrtb8wnAR0DbzkdCdPP&p=7&fvj=0&vjs=3,"Overview: 
 
   Systems Planning and Analysis, Inc. (SPA) delivers high-impact, technical solutions to complex national security issues. With over 50 years of business expertise and consistent growth, we are known for continuous innovation for our government customers, in both the US and abroad. Our exceptionally talented team is highly collaborative in spirit and practice, producing 
  Results that Matter. Come work with the best! We offer opportunity, unique challenges, and clear-sighted commitment to the mission. SPA: Objective. Responsive. Trusted. 
  
 SPA provides multiple organizations within the Department of Defense with timely and objective assessments and recommendations that integrate technical, operational, programmatic, policy and business analysis. We focus on key clients in the undersea community including Navy’s Strategic Systems Programs (SSP), and NAVSEA program managers for submarine programs. We work to provide integrated solutions based on information and communications throughout the chain of command to ensure clear and consistent analysis and recommendations that are aligned to strategic and leadership goals while still being executable by the working level technical communities.
  
 SPA has an immediate need for a Program Analyst for Data Analytics in Philadelphia, PA. SPA is a teammate supporting Team Submarine, which unifies submarine platform procurement activities and includes the Columbia-class SSBN program, a Major Defense Acquisition Program and the Navy’s top acquisition priority, the Virginia-class SSN program, and the new SSN-X program, developing the next generation attack submarine, bringing improved capabilities to the undersea forces. Analysts supporting Team Submarine would continue SPA’s decades of support to the SSBN force or assist in developing the design requirements for the SSN of the future. These are high-profile, major acquisition programs of significant importance to the future capabilities of the US Navy in an era of renewed strategic competition. #CJ #IN123
  Responsibilities: 
 
   The Program Analyst will provide data analysis support to undersea platform acquisition and industrial manufacturing activities, with a focus on supporting client leadership decision making through detailed analysis and coordination. In this role, you should expect to independently engage with client leadership and SPA team members to identify and address program data analysis needs, with a focus on applying data analytics and engineering problem solving skills to the development of analytic tools, data visualization, and integration and analysis of client data systems. This position is primarily located at our client's facility in Philadelphia, PA on the Philly Navy Yard, with potential for light telework.
  Qualifications: 
 
 Required Qualifications:


 Bachelor’s degree in technical field, including engineering, data analysis, operations, statistical analysis, mathematics, etc.
 3+ years experience supporting Navy or other DoD program or project management efforts, and proven experience analyzing program execution metrics, schedules, and development plans to support regular senior leader decision making, with the ability to simplify complex problems and make actionable recommendations.
 Experience working with an interdisciplinary team, and ability to take initiative to independently tackle analytic challenges.
 Proficient in using Microsoft Office, specifically advanced Excel, Word, and Power Point to analyze data and eloquently communicate to decision makers.
 Current DoD security clearance - minimum Secret, with the ability to maintain it throughout employment.


 Additional Qualifications Desired, but not required:


 Experience in analytic tool development, software development, or coding.
 Experience in or desire to work in an industrial or shipyard environment.
 Experience with and knowledgeable of DoD or Navy requirements and program office organizations and processes."
IT Business Analyst,ImageFIRST Healthcare Laundry Specialists,"Hybrid remote in King of Prussia, PA 19406",Posted 30+ days ago,Full-time,https://www.indeed.com/pagead/clk?mo=r&ad=-6NYlbfkN0A4HAN8W5EnjHxaJo0jSr8ScZeJfbZAiMxuFu5lwkOLwu9wxmMNnfPSrpp1ZgTwwzIS_IYyHQ_wK6JC58NgMDHVU8ELgpDNEPjIREvxkpn6wJ4is5Zh4wrd1RMVNFyrWivooUPZ59jBio8j1fwymOrC-QVQsCmX9GccOVXYgr5JTbPErjFTEx0Gg7-wb9gu57ltPsow3ORqMpRpOoN7k9aJZcKFCa7RMKBCuoj0qc7Nw6nncZ3U9S-UVbb3YURPpToPcwfGbaVidZgumQpWRQtmmyR--zfOYltChMtiFg7-lD-Z_ouUSEGKTx-0x2Ejh4huv3TlHraZXjBB4rNEH7oEh64YLPTrU84ZJb5Qf0SwRB7dQJJfvOakxFRF85NX0ivF9xwCgOjRrgCwouF8PBYnchN7XZktYG_QMApiHCLYXZjqrAy3fctsesX04IlCMfqusSa-pNoDTTSP96kxAZUPXn_pQbrBBO1fsu_7pao1KEoouAm9Q8zqicpsM-IC-FvIDOM1J_7n_UlppTTvGElwsYQgO67pOGGVQEoepNyZaVbe06XI25Y12Px5dbMEF2wQeg_WpT8cDs692nGeuVifzk0NHHwF8SNJRvT0N1MAAAYUEO8rouZyNtO08VnSSn3isphC8ViAyQTPcH0ZC7aMWjghtkwd4ngLfuM6pJa8wL8V0a9m_URjgZnrqs-IDcLisghhqYoQqMXWaVSt859hwTocwf39Hxd7pI4-je7YKUFGyJGZTZoJIjeDUBLVnGg=&xkcb=SoAf-_M3MBrtb8wnAR0CbzkdCdPP&p=8&fvj=0&vjs=3,"Overview: 
 
   Founded in 1967, ImageFIRST is the largest healthcare linen rental and laundry services provider to medical facilities throughout the continental United States and Puerto Rico, with a specialty in serving the healthcare market.
 


 Check out our company page: https://www.imagefirst.com/company/
  Responsibilities & Qualifications: 
  Open to: Remote, or Hybrid

 RESPONSIBILITIES:

 Gathering relevant data to conduct business analysis and provide recommendations on improved reporting infrastructure
 Understanding business needs and challenges with a goal of creating solutions
 Interview users and stakeholders
 Develop requirements documentation
 Create prototypes and mockups
 Deliver and explain proposal to management as well as developers
 Delivering effective presentations of findings and recommendations to multiple levels of management
 Assist or lead in project management functions

 MINIMUM QUALIFICATIONS:

 5 years' of business analyst experience
 BA/BS degree or equivalent practical experience
 Experience gathering requirements through an elicitation process
 Demonstrated ability to synthesize information to see big picture while effectively managing detail
 Proven ability to successfully work and partner across multiple functions in an organization
 Strong commitment to user and customer experience
 Experiencing writing SQL queries and creating database diagrams
 Experience with some of these tools: SQL, SysML, Mock Ups, UX Design, Swimlanes, Sequence Diagrams, Entity Relationship Diagram 
Understanding of Project Management methodologies


 PREFERRED QUALIFICATIONS:

 Hands on experience with software to support business/operations, examples include:

 Shop floor
 Field Service
 Warehouse management
 Invoicing

 Ability to manage multiple priorities and stakeholders
 Experience documenting, planning, and executing complex problems/solutions
 Excellent communication and interpersonal skills
 Experience creating and documenting user experiences
 Experience facilitating feedback or brainstorming sessions
 Project Management experience or certification
 Creative mindset
 Demonstrated ability to navigate the ambiguity inherent in the early stage development of products and services as well as a gradually changing digital landscape
 Distinctive problem solving and analytic skills with a high degree of analytical rigor
 Company Values & Benefits: 
 
 Required Competencies:


 Be Respectful: Value all we come in contact with
 Be Remarkable: Create a positive moment with every interaction
 Be Safe: Keep ourselves and those around us safe
 Be Honest: Be guided by truthfulness in all we do


 Benefits:


 Competitive pay
 Medical, Dental, Vision
 Pet, Legal, and Hospital Indemnity Insurance
 401k (match)
 Paid Time Off Package
 Great company culture
 Collaborative team environment


   EOE / Drug-Free Workplace
 


 We are proud to be an equal opportunity employer. All qualified applicants will receive consideration for employment without regard to sex, gender identity, sexual orientation, race, color, religion, national origin, disability, protected veteran status, age, or any other characteristic protected by applicable law. We are fueled by the talent, passion, and diversity of our associates.
 


 #INDIF #LI-NM1"
Business Data Analyst,PTR Baler and Compactor,"Philadelphia, PA",EmployerActive 2 days ago,Full-time,https://www.indeed.com/pagead/clk?mo=r&ad=-6NYlbfkN0B80ABzUdm7fnfKAvLPxyUTvs9CeivmOrLzlEYrYAM5FTY-66mzeEGxXvfYMcArIaLsbqIuw6lnU7lKjfXpYKyVgRapu_kj9bzD8n7g4a_gP-geHkw7Rp-UfYP3SniHNYZ77xYwihzgkB6jynVbrKyIRdJ4YyrZrvQIkvChsdnvLRCnR1ieP-yQlH30Ekrd9gWIRhDUI6_ut5M2F3TD8mClo38qpisC5QMsJwECpdEOcEMTsliFHEIq1Iqb1b0Umc2W3EmmQBSKdLLX5FeJU_43ykHyQ4JDYyPtQvwdPxU5hRANxh1c01BKdiQUCGyXh1FlLPq5XQvAAGg_pLb6WZE1HyAuNuu0Go0yVl0KqfYdQUoiYGOrX5I3f6Xy14bH616HXIpKYFU9XPE3U-FD8kC7P-8D3DCivFFJMLuOoz-RAyKHjkSojZ9D5OlHs_W4gsOfNpqLbRxmO5XBKYbMipbrLXz1bIu5pbgGapt6WOLGpuioEWWUL4315_UGbXr7TAQul9_XHNKMnVF63OH7es9mffv7eFocSkY=&xkcb=SoCC-_M3MBrtb8wnAR0BbzkdCdPP&p=9&fvj=1&vjs=3,"Komar Industries (Komar) is seeking a Business Data Analyst to join our team due to growth.
Komar are world leaders in the waste equipment industry. Komar helps companies achieve their green initiatives by reducing waste streams and increasing recycling efforts. The company manufactures and services balers, compactors and provides parts and resources to customers.
The Business Data Analyst’s primary role is to transform data from multiple sources (ERP, IOT devices, Service Platform...) into useful information for the company and its stakeholders.
Key Responsibilities:

Support creation of Data Warehouse and other analytical tools.
Develop and implement databases, data collection systems, data analytics and other strategies that optimize reporting systems with efficiency and quality.
Act as the first point of escalation for data & reporting related issues and provide analytical support handling complex support issues.
Design, analyze, and redesign query formulas to generate reporting of key performance indicators.
Create dashboards, reports, and graphs to translate data into actionable insight that the business can then act on.
Support IOT initiatives across the platform through the development and implementation of data management tools.
Analyze data to identify root causes of business, operational, and financial issues to support recommendations, priorities, and action plans.
Troubleshoot data issues, validate result sets, and recommend process improvements.
Work effectively with team/group to accomplish organizational goals.

Requirements:

Bachelor’s Degree in Business Analytics, Business Management or Statistics.
2 - 5 years of experience as a business data analyst or related field.
SQL, Power BI certification preferred.
2+ years leading data projects and process improvements to create business insights.
2+ years working with relationship databases and developing queries/algorithms in cloud programs such AWS and Azure.
2+ years developing dashboards using a common visualization tool such as Power BI and Tableau.
Strong communication skills both orally and in written (emails and reports) format.
Highly organized, detail oriented and able to multi-task is required.
Experience and understanding of ERP systems.
Extremely proficient computer skills including Microsoft Suite (advanced Excel/Access knowledge including Pivot Tables, Power Pivot, Power Query, and other advanced analytic features).
Excellent relationship builder with the ability to collaborate with all stakeholders, executives, and subject matter experts.

Benefits and Compensation:

Medical, Vision and Prescription Insurance (Don’t need medical benefits and have coverage from another resource-earn $55.00 a week once eligible for benefits).
Dental Insurance
401(K) Plan with Company Match
PTO/Vacation Pay
9 paid company Holidays (eligible at time of hire).
Company paid Group Life insurance.
Company paid Short-term Disability
Telemedicine
Flexible Spending Account (FSA)

Job Type: Full-time
Benefits:

401(k) matching
Health insurance
Paid time off

Experience level:

2 years

Schedule:

8 hour shift

Ability to commute/relocate:

Philadelphia, PA: Reliably commute or planning to relocate before starting work (Required)

Education:

Bachelor's (Preferred)

Experience:

SQL: 2 years (Required)
Tableau: 2 years (Preferred)
ERP systems: 2 years (Preferred)

License/Certification:

AWS Certified Data Analytics – Specialty (Preferred)

Work Location: In person"
Accountant- Commissions Analyst,Healthcare Recruitment Counselors,"Conshohocken, PA",Posted 9 days ago,"Up to $75,000 a year",https://www.indeed.com/pagead/clk?mo=r&ad=-6NYlbfkN0CTks4YflOSv0TYvJKa8aXx33rgKXpQLmdeVRkIEVzLGAaXoUs9wLm8J226BTL4aKzwGDoPqldk2LCSCHFuDvD_3zyhx2crooepkG-hViVhWk9x_sK8QeaGrtAbRn6JnurWquxn_8SUiD1XHQlEGV4JWbbY4k84wNEH0Tv5jp8m2BYEoDS7DYsvPjOW9_ZtwkgTVUY72pM5pVBoZh7a4W8AFwDFBobmNXJIhmHFbxWLniK4cWadPpLWBbngwi1rdJALMFGMtrNeUdBoM8WFAatyUnrYnv7RGdzhkypQIRWzi5Ir6CL4JiAydzGTMTfHZts4RfYkAk9EOxY_ZshVu6MEfaW0Y5_WiWbu9wafRZJdnUS7dfn92CGkmRZyw-1j_O0oMWyizuPbHpRIU7Fu5jyY3YqqGBiid9KlzcxRpDIL5fnWUIQbbnTeHAh09dZjCvZyGQv32zHLPB-oJddFFZsXPWZ9sb5eISYkcYeeaz2rzIuXuVjrSuikvb54El5jz2DFOv1YxcMvE9CAdYj_uE7JwpcbGROZFpM=&xkcb=SoA2-_M3MBrtb8wnAR0AbzkdCdPP&p=10&fvj=1&vjs=3,"Accountant- Commissions Analyst Conshohocken, PA
Along with this job, we have several other similar positions in PA. Please check out our open jobs at https://www.hcrcstaffing.com/jobs/
We are seeking an Accountant- Commissions Analyst to join our company full time in Conshohocken, PA. The fundamental role of the Accountant-Commissions Analyst will be to reconcile all incoming cash and Accounts receivable and calculate all corresponding monthly commissions to Employees and Distributors. Preparation and delivery of their Commission statements will also be a key deliverable. This position requires 100% accuracy with data and calculations using excel formats and various formulas. Must have the ability to analyze data, superb critical thinking skills, excellent attention to detail, Self-motivation, with strong verbal and written communications skills. The incoming Accountant also needs to be very strong in excel and has experience working with large data sets.
About us:
We have a Bio-Healthcare company, medical processing, and shipping facility, and we work hard to support the clients throughout the ordering process to ensure delivery of our products in a compliant and efficient manner. To execute on our mission, we have a team that brings many years of experience, and we work closely with renowned experts, as well as leading scientists and physicians to achieve our ambitious goals.
Duties & Responsibilities:

Implement and promote a positive customer service mindset throughout the organization
Extensive General Ledger Work.
Using very strong excel skills calculate monthly commissions and monthly reporting.
Resolve billing discrepancies and identify opportunities to minimize financial loss and increase revenue.
Review and maintain records of sales and commissions data through various sources.
Agree and settle brokerage fees, tri-party fees and margin interest for different businesses.
Performs reconciliation of billing-related cash breaks in a timely manner including those on custodian accounts.
Identify, communicate and resolve problems impacting the processing of commissions.
Maintain commissions system(s).
Develop and maintain professional working relationships with distributors and sales team.
Provide reporting to upper management on a weekly basis.

Requirements:

Bachelor’s degree in accounting, business finance or related field preferred
At least 3 years of related experience as an accountant, public accountant required
Prior experience working with large data sets a must.
Expert level knowledge of Excel a must
Ability to create workpapers in a clear concise manner and execute a quick month-end workpaper package that supports the month-end financials for the combined group.
Ability to work in a team environment or independently as needed
Experience working with Microsoft programs
Good knowledge of Quickbooks and/or other accounting software
Ability to document work with legible handwriting

Salary:

Up to $75k (Depends on Experience)

Benefits:

401(k)
Dental insurance
Health insurance
Paid time off
Vision insurance

Ready to join a fast growing, supportive team in an excellent working environment? We need an organized team player with a great attitude to do whatever needs to get done! We offer competitive pay with great benefits and the chance to grow with us! If you are interested, please contact us. We look forward to hearing from you. Please send your resume to [email protected]
Brian Torchin / CEO
HCRC Staffing
Office 800-472-9060
[email protected]
www.hcrcstaffing.com
Please check out our open jobs at https://www.hcrcstaffing.com/jobs/
Job Type: Full-time
Pay: Up to $75,000.00 per year
Benefits:

401(k)
Dental insurance
Health insurance
Paid time off
Vision insurance

Schedule:

Monday to Friday

Application Question(s):

When can you start?
What is the best email and cell number to use to contact you for an interview?

Experience:

an accountant, public accountant: 3 years (Preferred)

Work Location: In person"
Senior Data Analyst,Liberty Personnel Services,"Philadelphia, PA 19123 (Poplar-Ludlow-Yorktowne area)",Posted 30+ days ago,"$115,000 a year",https://www.indeed.com/pagead/clk?mo=r&ad=-6NYlbfkN0ABlbgmRunahSWEMvO4v1iTu5Ck0xfBTrm-DXDWxasAKsFsWtBaGHiD_n8TBJRveZbdmoqgKCdm467b42PHHkcRZ0kRZrA-OoRgjAZTBcaDat3GCVTlO69pIn0oHf5Pn8zKs-hU2cj2LMeaq-i5qytvQ3u1YV0ECfyyZKm-HyhgPr6TpiCZ6UFZmBJFJrHXVPeQxe_LLE4sPkKTG20nQYyQZMZQsNPvq9gCrSJvbHBqvdn29qJjpI7bmwMSTTJSHzaiT6wJRiHchfh5klEht8rj6i-A0RZKl366ghM0McsFAx3ubCdyBx5OwjWLZLrFR32Ta907jvmjo8RGD1qfPZlYJNRovcpEuVXjGezdZwPE9MiK2JrvUHQZ0-GVWsl2AchJQeSGBmFOMH41-FQGT4oD9C_habVmoEbmBNpNqXgtzZLxtuE2nTmBLbYCYNXZ-4kaZH80YweuNq8tPCJqudaD2x2gt4-rW1wsTAn_uhIezBc8x3TLM2vSxumboMLtjW0sdZZtVs4-qBbXCUEEYD3540mKy0krxmYcdLbqj2-vyHG-CguoMXcQOd89BVHKUGcIVEqp_Y8Q2PI5nLhgO2tc6narWNnL1DOJ5lDcWs9FPcOMtOK8vB5IPnamLF4k92ax_nO5agT8UhVB7wIviDZfMHu5AKwLk-MB5GAesAZFpMQwgy-5Tgi94M-v2i2U94o=&xkcb=SoC4-_M3MBrtb8wnAR0HbzkdCdPP&p=11&fvj=0&vjs=3,"Senior Data Analyst (ETL/Power BI/SSIS/SSRS) - 3 Days on-site
 Local Candidates Only!
Our client is expanding again and seeking a talented Senior Data Analyst. This is a FULL TIME/DIRECT HIRE position. You MUST have a Green Card or be a US Citizen. We are unable to sponsor. Qualified candidates will have similar experience with the following:

Strong Data Analyst with Healthcare/Clinical experience
SQL
Must have SSIS and SSRS
Power BI
Reports and Dashboards
Bachelors Degree in Computer Science or Math
Excellent Communication skills
HYBRID - (3 days in the office and 2 out)

Please reach out to me for more information. I have numerous full time openings in all areas of IT!
 I can be reached at [email protected]
Daniel Darragh
 Liberty Personnel Services, Inc.
 300 Conshohocken State Road
 Suite 750
 West Conshohocken, PA 19428
 Direct Line: 484.567.2094
 [email protected] www.libertyjobs.com
 http://www.linkedin.com/in/dandarragh
#hybrid #IT #midsenior"
Data Analyst I,Children’s Hospital of Philadelphia,"Philadelphia, PA 19104 (University City area)",Posted 30+ days ago,Full-time,https://www.indeed.com/rc/clk?jk=74a6153e5830d188&fccid=f2f24d7fb43a029a&vjs=3,"SHIFT: Day (United States of America)
 
 Seeking Breakthrough Makers  Children’s Hospital of Philadelphia (CHOP) offers countless ways to change lives. Our diverse community of more than 20,000 Breakthrough Makers will inspire you to pursue passions, develop expertise, and drive innovation.  At CHOP, your experience is valued; your voice is heard; and your contributions make a difference for patients and families. Join us as we build on our promise to advance pediatric care—and your career.  CHOP’s Commitment to Diversity, Equity, and Inclusion  CHOP is committed to building an inclusive culture where employees feel a sense of belonging, connection, and community within their workplace. We are a team dedicated to fostering an environment that allows for all to be their authentic selves. We are focused on attracting, cultivating, and retaining diverse talent who can help us deliver on our mission to be a world leader in the advancement of healthcare for children.  We strongly encourage all candidates of diverse backgrounds and lived experiences to apply.  A Brief Overview Responsible for mining, manipulating and analyzing data from sources to produce valid, integrated and actionable information to assist in quality improvement, and performance.  In addition, produce daily, periodic, and ad hoc reports to assist in daily operations and process management.  What you will do

 Data Collection and Analysis
 Works in partnership to understand and prioritize data needed for any improvement initiative or program to meet regulatory requirements or for other purposes relative to departmental performance or improvement.
 Applies quality improvement principles to design of initiatives, helps team to analyze, measure and report departmental and staff performance.
 Acts as a departmental resource regarding the reporting of data to include core measures and other requirements. Promotes the analysis of data using charts and visualization.
 Works across teams to ensure data has gone through the appropriate level of validation.
 Departmental Quality Improvement and Data Collection
 Maintains the quality improvement infrastructure with the Department, suggesting workable structures and processes, identifying areas for improvement, and implementing outcomes measurement systems - related to defined QI measures.
 Designs and executes data collection for initiatives and evaluation of performance / process improvement plans.
 Analyzes data and prepare tables, charts, graphs, and reports of outcome/process measures for distribution and requests.
 Assists leaders and staff with the interpretation of data.
 Database Development and Management
 Helps to teams in development of design and implementation, along with guiding ways to enhance analytical structure.
 Partners in integrating data from multiple sources to create relational databases for the purpose of analysis and reporting.
 Generates reports from data systems and links multiple data sets to create large databases of surveys and/or data.
 Assists in programming large data sets and reporting tools to make the data usable for the end user and creates data sets and/or reports for analysis and manipulation by users.
 Departmental Dashboards and Scorecards
 Assists in creating reporting tools to make the data usable for the end user and creates datasets and/or reports for analysis and manipulation by end users.


 Education Qualifications

 Bachelor's Degree Required
 Bachelor's Degree clinical informatics, sciences, math, statistics, healthcare management or other healthcare related degree. Preferred


 Experience Qualifications

 At least one (1) year data analysis or database management experience. Required
 At least three (3) years data analysis or database management experience Preferred
 working in a complex health care related environment Preferred


 Skills and Abilities

 Advanced knowledge of database management, mining, analysis and statistics.
 Intermediate knowledge of programming languages (SQL)
 Basic knowledge of medical terminology
 Advanced proficiency with spreadsheet software (Microsoft Excel)
 Advanced proficiency with database management systems (Access, Oracle)
 Advanced proficiency with data mining and analysis tools (Business Objects, Datawatch Monarch Pro, SAS, IBM SPSS)
 Basic proficiency with office software (Microsoft Office) including word processing and presentation software (Word, PowerPoint)
 Excellent verbal and written communications skills
 Strong critical thinking / problem-solving skills
 Solid project management skills
 Solid time management skills
 Solid organizational skills
 Solid interpersonal skills
 Ability to gather, analyze and make recommendations/decisions based on data
 Ability to convey complex or technical information in an easy to understand manner
 Ability to work independently with minimal supervision
 Ability to maintain confidentiality and professionalism
 Ability to collaborate with stakeholders at all levels

 To carry out its mission, CHOP is committed to supporting the health of our patients, families, workforce, and global community. As a condition of employment, professionals working onsite—at any CHOP location, for any portion of time—must be vaccinated for COVID-19. Learn more.  CHOP also requires employees who work in patient care buildings to receive an annual influenza vaccine. Employees may request exemptions for valid religious and medical reasons. Start dates may be delayed until candidates are immunized or exemption requests are reviewed.  EEO / VEVRAA Federal Contractor | Tobacco Statement"
Board Certified Behavior Analyst (BCBA) – Philadelphia (RF: 1895),Humanus,"Philadelphia, PA",Posted 30+ days ago,Full-time +1,https://www.indeed.com/pagead/clk?mo=r&ad=-6NYlbfkN0CWB5KWAJa_koQPCee3ymO-rAfX4M5qiiPLhduDyxpTb0yRQX_MPjbEsbMl8wLCBoBVJ2ju5c1Qme5INxECf54jOYujdOTCN9LSCBlG6SgEU26L2QGZllYAb3qmeYLqHv1uxOsaw2_5ds9Q-TO1jS2bDVkC_n1itLDiT6qP1hJKFe3kf5uoI6jCY-pJf758NQC0M52EWMfHKMl0JOhB7d9-XrjSurJPgPpxtUqtFYIlm0cl6fpLc7eRzKC9Lunv-GjQnlw-bTH8F9XIb2Y_LKi-31Ph_yHI1kVIGv2n3XfHrz60_vmiLwue_nAAIFWksbLioJIZi8CY7v20b3em4rHAl5APTyJmVS8y-rxFI7Mj659Iail8XPguswyfn7RoC5ET4Y2x8Fxn60IcN527VGT3Cum6PrJUBnWOIPaYZv4uhbMcchJj6nw6H-zeehp6KPAyHSXuS0tqeVynMjJGO_4nKXdS4vlG8vuHN-igbgXtYUpSPhEFF3Pq6_sRM62MhNGAE_38t6XIB_4rfi4UrPYHDk3gNA2lj0vVakUBajLpW1JX-7R8rnhO7-HEaiyISHLuUn2ED_f-U1mQJ3Be0BKJPIEAjWBZDN9jyh7dJ_BWiiqBojKS6IwHZ0XGfj5HHZo=&xkcb=SoCR-_M3MBrtb8wnAR0FbzkdCdPP&p=13&fvj=0&vjs=3,"We are currently seeking Board Certified Behavior Analysts (BCBAs) for part-time and full-time schedules working with students in the Philadelphia, PA area. (Most zip codes!) These are in-person, community-based positions providing services to students that attend cyber school. Schedules and locations will vary between students but you have the flexibility to choose which cases work best for you. These positions would start immediately and continue during the 2023-2024 school year. Eligible candidates must have a Master’s degree in Special Education or related human services field and be a Board Certified Behavior Analyst.
 Qualifications

Must be a Board Certified Behavior Analyst
Must have a Master’s degree in Special Education or related human services field
Must have up-to-date clearances (from within one year) 
   
FBI Fingerprints
PA Criminal Background Clearance
PA Child Abuse Clearance

Must have a valid CPR/First Aid certificate
Current TB Test and Physical

Responsibilities:

Develop materials, provide resources and provide training to administrators, educators and paraprofessionals in Applied Behavior Analysis related to addressing needs of students
Train, coach and supervise support staff working with behaviorally challenging students
Attend Planning and Placement Team Meetings as needed
Collect, maintain and analyze data, and prepare reports for the purposes of documenting case history, assessments and treatments
Assist in development and implementation of appropriate programming and interventions to increase appropriate student behavior and academic skills
Conduct Functional Behavioral Assessments to inform the development of individualized Behavior Intervention Plans
Conduct evaluations for purposes of identification or reevaluation of special education services in conjunction with other evaluations
Frequent collaboration with teachers to review data and programming for each student


At Humanus, we are devoted to making a difference and improving the lives of others. We proudly serve schools and behavioral health facilities throughout the nation. Our dedication and passion for helping others make us more than a referral service. Establish a relationship with one of the nation’s largest referral agencies for behavioral-health, choose positions that best fit your schedule, and allow yourself to grow professionally.
 Humanus is ultimately about people — working with people in order to work for people.
1895"
Lead Investment Product Data Analyst,Vanguard,"Malvern, PA",Posted 16 days ago,,https://www.indeed.com/pagead/clk?mo=r&ad=-6NYlbfkN0BWQs_M7ZA8XLbIFWVw-PYcVVEPryqVLyWhKaEKPskHy2YkbHyHJDwB_nHc5A6JaMQyqZ7TT7Z7edO1WvXdH5SOpZNDZjCvFIUM-sEaIVp7v4O1wUIx4oOU7xikO4f60e_IJsor4kMxVoepQcKdpYAFfgdEXeQa7cXB5l7aqQnYkpjgNGk9lbWwWyy5hLvFPlEPsSmi1iJxeO_aYkEVPXT9eH8M22P4Z_ViTlVAD7zkXCDx_Md7Cb3-Tq1u6JDv67-oWPkvWHUlccnWPmGeAQusEJj-oAz47u_VUkvS45K_fKvy3Cl9FBK402U_Biz0uF56KVMqwrvxKpmgitB663sA4sTBjzcEQShI096-Mho5wOOz4Y-f96zi1GcZ6V_Ox9V2ALRnaXgkcYYcT-4JNF9l0-4TAasvBu7z57-EnV0ikZq9g-dgkHg_WiJygkFSKgno8YpOE2WXxehWdvtlwb6fyu62w0Rzb5DzulOREKfg6hudH0Jyvyj5EIJDD5iOABBDTzOibIgKygjcUtxVDWuspVSkKjVpBhb3cufnqxMijwP6eemo4u3fE79rdfSdG5SyJV7MWZbKcbm2xtQyWAm7Nxjg3XKgQKHbKJEDTUWFwvakQBQvKn77vU6CnEOFO9H_FcSVCKGMHc3qXKtzDHvp7HOc2B4VI_oPIWVtKFSkLxolRfgvdRdGqMNi-bNvp3j7YcrXmv4IYAZF6dbJly3r4H42skZgWFOwAzHeKG8811Z2d6jX8LVEmjc9WzdkA9JmAd7Q8giiLq12yx3dTTdS8Fat9vW9RmQBS1oEKQFtFSHCOacLivGfhJJrf_c0sn4NAt_LPc8HcYbv1wxmb8SFlLdz_QoFuMQsI-yXHNXFqiIgwVQhdl_J7Wbt5qVLjKKbPjuTloseyzKZVSbvVX4SXU27qvi2oF83TORROnoiudn1TCOrLd4P-ee34pdUMinBXHQb_yP3RPWGmgu2D47fudSkzb9oGwnw6vAGItSlxgpl9AlC3UAhTswqnMNodzIlSJwOzakEjSI7Y6m6r9Am94sEpsepWCLYO9N5XUvYSeeqadxLykdpBMVAA8629UUrZmUNRLCaou81tA6tqFXJr301z-aGk2UTMQfKfh5r8njcxbr4HLZepGdDmMJ7iAGhqK2NfpelYadiTAbio_9BAYBQCzLczDIpMPaOh_IOiQ==&xkcb=SoAl-_M3MBrtb8wnAR0EbzkdCdPP&p=14&fvj=0&vjs=3,"The Brokerage and Investments (B&I) Analytics team is growing again! The B&I Analytics team supports our critical Brokerage and Investments business within Personal Investor. We have an opening for an experienced data analyst to support the Investment Product arm of the business. This analyst will partner closely with the business to uncover insights on PI clients' investment behaviors and will help to shape the Investment Product strategy for PI. The analyst will be responsible for a range of analytic tasks including ownership of Asset and Cash Flow reporting all the way through advanced analyses (identification of client investment behavioral clusters, forecasting, development of data driven strategies to influence client behavior, etc.)

 The ideal candidate has:

 A deep understanding of investment products & services and strong investment acumen
 Strong technical skill set (SQL, python preferred)
 Experience applying advanced analytical techniques in a workplace setting (e.g. clustering algorithms, predictive modeling)
 Desire & ability to collaborate closely with our business partners to consult & gather requirements 
Experience in building resilient reporting products (e.g. dashboards)


 Core Responsibilities
 1. Engages with internal partners to understand business strategy, questions and goals. Brings structure to business requests, translates requirements into an analytical project approach, and leads complex projects through completion. Delegates tasks and provides tactical and strategic guidance to peers. Serves as the analytics expert on cross-functional teams for large strategic initiatives.
 2. Acquires and compiles structured and unstructured data and verifies its quality, accuracy and reasonableness.
 3. Performs analyses of historical data to surface trends and insights using advanced analytical methods. Validates analytical techniques employed by other analysts.
 4. Prepares and delivers expert level visualizations and internal presentations that translate analytic insights into tangible, actionable solutions for business partners to implement.
 5. Develops, owns and manages recurring analytic or reporting processes.
 6. Actively develops the analytics community at Vanguard by mentoring, coaching and connecting others with resources and training. Participates and presents during scheduled analytics seminars.
 7. Participates in special projects and performs other duties as assigned.
 Qualifications

 Minimum of five years related work experience.
 Undergraduate degree or equivalent combination of training and experience. Graduate degree preferred.


 About Vanguard
 We are Vanguard. Together, we’re changing the way the world invests.

 For us, investing doesn’t just end in value. It starts with values. Because when you invest with courage, when you invest with clarity, and when you invest with care, you can get so much more in return. We invest with purpose – and that’s how we’ve become a global market leader. Here, we grow by doing the right thing for the people we serve. And so can you.

 We want to make success accessible to everyone. This is our opportunity. Let’s make it count.

 Inclusion Statement
 Vanguard’s continued commitment to diversity and inclusion is firmly rooted in our culture. Every decision we make to best serve our clients, crew (internally employees are referred to as crew), and communities is guided by one simple statement: “Do the right thing.”

 We believe that a critical aspect of doing the right thing requires building diverse, inclusive, and highly effective teams of individuals who are as unique as the clients they serve. We empower our crew to contribute their distinct strengths to achieving Vanguard’s core purpose through our values.

 When all crew members feel valued and included, our ability to collaborate and innovate is amplified, and we are united in delivering on Vanguard's core purpose.

 Our core purpose: To take a stand for all investors, to treat them fairly, and to give them the best chance for investment success.

 How We Work
 Vanguard has implemented a hybrid working model for the majority of our crew members, designed to capture the benefits of enhanced flexibility while enabling in-person learning, collaboration, and connection. We believe our mission-driven and highly collaborative culture is a critical enabler to support long-term client outcomes and enrich the employee experience.
 Special Factors
 Sponsorship Vanguard is not offering visa sponsorship for this position."
