job_title,company,job_location,post_date,job_url
Data Scientist - Intern,Faire,"Remote in San Francisco, CA",Posted 30+ days ago,https://www.indeed.com/rc/clk?jk=4a1f8bfd274adefc&fccid=f3a36f726f745c17&vjs=3
"Intern - Computational Biology and Data Science, R&D Undergrad Year Round",Sandia National Laboratories,"Livermore, CA 94551",Posted 30+ days ago,https://www.indeed.com/rc/clk?jk=328f0777511c20a8&fccid=6153cf878ee73d92&vjs=3
Data Scientist Intern,Tencent,"Palo Alto, CA 94306_(Ventura area)",Posted 30+ days ago,https://www.indeed.com/rc/clk?jk=e76fd9bf9157e595&fccid=e89c1962acedb6a5&vjs=3
2024 Analytics & Data Science Intern,Trane Technologies,"Davidson, NC 28036",Posted 3 days ago,https://www.indeed.com/rc/clk?jk=291df83f39eb3962&fccid=64739a8388b4fcb0&vjs=3
"Internship: Data Scientist, Health Informatics",Quest Diagnostics,"Remote in Secaucus, NJ 07094",Posted 27 days ago,https://www.indeed.com/rc/clk?jk=5c50aeaa87c733ec&fccid=d92b4bd583ab3ea9&vjs=3
DATA SCIENTIST INTERN,INBOX AMERICA CONSULTING SERVICES,"Remote in Alexandria, VA 22314",Posted 30+ days ago,https://www.indeed.com/rc/clk?jk=19c752395f00f1f0&fccid=5f9c33e27a6d6572&vjs=3
"Intern, Innovation Data Science (Fall 2023)",Inclusively,"Atlanta, GA 30354_(Hartsfield-Jackson Atlanta International Airport area)",Hiring ongoing,https://www.indeed.com/company/Inclusively/jobs/Data-Scientist-7f0896ba834bc1e5?fccid=ef49cdc7b08c5254&vjs=3
Data Science Leadership Development Program (DSLDP) Intern,"The Travelers Companies, Inc.","Hartford, CT",Posted 6 days ago,https://www.indeed.com/rc/clk?jk=a856115049c58c77&fccid=614604a6208fa23b&vjs=3
Machine Learning / AI Internships,Apple,United States,Posted 10 days ago,https://www.indeed.com/rc/clk?jk=4926bf2b4a6003fa&fccid=c1099851e9794854&vjs=3
Data Scientist (Intern),Soothsayer Analytics,"Livonia, MI",Posted 30+ days ago,https://www.indeed.com/rc/clk?jk=a3e7bd673fe275ce&fccid=7eea1f754f48fabf&vjs=3
Data Science Internship (Fall 2023),Tesla,"Fremont, CA",Posted 3 days ago,https://www.indeed.com/rc/clk?jk=f9cd05eab0e16796&fccid=86e9be6ce380173e&vjs=3
Data Science Intern,Denver Broncos and Stadium Management Company,"Englewood, CO 80112",Posted 4 days ago,https://www.indeed.com/rc/clk?jk=72839aa46ebdce61&fccid=dd616958bd9ddc12&vjs=3
"Fall 2023 Intern, Analytics, Fundraising & Engagement (Data Science)",ACLU - Internships,"Remote in New York, NY",Posted 10 days ago,https://www.indeed.com/rc/clk?jk=e4ae128a6789198c&fccid=c5acb58b08d42299&vjs=3
Data Science Intern,CCC,"New York, NY",Posted 30+ days ago,https://www.indeed.com/rc/clk?jk=92f1523a2b27bd9d&fccid=724f033684ae2791&vjs=3
Intern - Computational Materials and Data Science R&D Graduate Year Round,Sandia National Laboratories,"Albuquerque, NM 87116",Posted 12 days ago,https://www.indeed.com/rc/clk?jk=50013e303856ab36&fccid=6153cf878ee73d92&vjs=3
Data Scientist (Intern),Soothsayer Analytics,"Livonia, MI",Posted 30+ days ago,https://www.indeed.com/rc/clk?jk=a3e7bd673fe275ce&fccid=7eea1f754f48fabf&vjs=3
Data Science Intern,PacificSource Health Plans,"Portland, OR",Posted 5 days ago,https://www.indeed.com/rc/clk?jk=4fa9ed3a1486cc8b&fccid=32fad74271756507&vjs=3
Intern - Data Science,"Systems Planning and Analysis, Inc.","Lorton, VA",Posted 14 days ago,https://www.indeed.com/rc/clk?jk=3803b5fd9db9f082&fccid=ccfce62820936877&vjs=3
Machine Learning Engineer Intern - Remote US Fall 2023,Splunk,Remote,Posted 30+ days ago,https://www.indeed.com/rc/clk?jk=40b130be66fa838d&fccid=aef928e89977f7f0&vjs=3
"Intern, Data Scientist (Remote in USA)",Power Factors,"Remote in Williston, VT",Posted 11 days ago,https://www.indeed.com/rc/clk?jk=a768a74dd68314f2&fccid=3c8cf5483ea53c0a&vjs=3
"Intern, Innovation Data Science (Fall 2023)",Inclusively,"Atlanta, GA 30354_(Hartsfield-Jackson Atlanta International Airport area)",PostedToday,https://www.indeed.com/company/Inclusively/jobs/Data-Scientist-7f0896ba834bc1e5?fccid=ef49cdc7b08c5254&vjs=3
Intern - Data Scientist,GKN Automotive,"Auburn Hills, MI",Posted 30+ days ago,https://www.indeed.com/rc/clk?jk=50e9de499b497984&fccid=4cd4036937cfcb0b&vjs=3
Machine Learning & Artificial Intelligence Engineer Intern,Schneider Electric,"Irvine, CA",PostedToday,https://www.indeed.com/rc/clk?jk=b903e21421a44611&fccid=8dc4399ddb463d4a&vjs=3
Machine Learning Engineer Intern - Remote,OP3N WORLD,Remote,Posted 4 days ago,https://www.indeed.com/rc/clk?jk=1882251ef892e574&fccid=dd616958bd9ddc12&vjs=3
"Information Systems, IT, Cyber Engineer, & Data Science - Summer 2023 Intern/Co-Op",Honeywell,United States,Posted 30+ days ago,https://www.indeed.com/rc/clk?jk=042205d9f4437d4e&fccid=50208b5bf45ee3b8&vjs=3
Data Science Intern (Remote/Flexible),Insulet Corporation,Remote in United States,Posted 4 days ago,https://www.indeed.com/rc/clk?jk=58d2cad6b7bee3f0&fccid=39806be0f84f3745&vjs=3
Data Scientist Intern,Nissan,"Silicon Valley, CA",Posted 20 days ago,https://www.indeed.com/rc/clk?jk=b683dc7e1f58dc00&fccid=154ba50a8fca4d5c&vjs=3
BCG X Data Scientist Internship,Boston Consulting Group,Remote,Posted 30+ days ago,https://www.indeed.com/rc/clk?jk=05ced948c5fd96b7&fccid=b95f9eb47968fa13&vjs=3
"Fall 2023 Intern, Analytics, Fundraising & Engagement (Data Science)",ACLU - Internships,"Remote in New York, NY",Posted 10 days ago,https://www.indeed.com/rc/clk?jk=e4ae128a6789198c&fccid=c5acb58b08d42299&vjs=3
Intern - Data Scientist,Optimal Solutions Group,"Hyattsville, MD 20785",Posted 30+ days ago,https://www.indeed.com/rc/clk?jk=53e1582080585134&fccid=df69b0ebcdfb7759&vjs=3
Graduate Student Intern - Machine Learning,LaunchBay,"North Billerica, MA 01862",Posted 30+ days ago,https://www.indeed.com/rc/clk?jk=dc582b1e2a238c0f&fccid=b8cd1a2eb03d5efb&vjs=3
"Artificial Intelligence & Machine Learning, Internship",ENA Corporate,"Remote in Charlotte, NC",Posted 20 days ago,https://www.indeed.com/rc/clk?jk=80e9a5be9af4fc1a&fccid=dd616958bd9ddc12&vjs=3
2023 Fall Intern - Machine Learning Research - Vision and Language Learning (6 months),Genentech,"San Francisco, CA_(Mission Bay area)",Posted 30+ days ago,https://www.indeed.com/rc/clk?jk=b4494991ba633575&fccid=2525cc4a9a704809&vjs=3
Data Scientist Intern,United States Steel,"Osceola, AR",Posted 30+ days ago,https://www.indeed.com/rc/clk?jk=89b73061e3e9799a&fccid=e3ae5688b2515741&vjs=3
Data Engineer Intern 2024,Voloridge Investment Management,"Jupiter, FL 33477",Posted 24 days ago,https://www.indeed.com/rc/clk?jk=4370c3af9d927a6d&fccid=fccd85f1ee696c5b&vjs=3
Software Engineer Intern for Workstations Data Science Team,HP,"Spring, TX 77389",Posted 30+ days ago,https://www.indeed.com/rc/clk?jk=03825886e14d5357&fccid=1b866506aec22461&vjs=3
"Intern - Data-model integration, R&D Grad Year Round",Sandia National Laboratories,"Emeryville, CA",Posted 30+ days ago,https://www.indeed.com/rc/clk?jk=cd0dd09cab1062fc&fccid=6153cf878ee73d92&vjs=3
UIUC Research Park Intern - Machine Learning,Rivian,"Champaign, IL 61820",Posted 4 days ago,https://www.indeed.com/rc/clk?jk=8088a39f2ba1b329&fccid=ab392afaee93f976&vjs=3
Battery Data Scientist Internship (Fall 2023),Tesla,"Palo Alto, CA",Posted 30+ days ago,https://www.indeed.com/rc/clk?jk=c1f529ced1506bcf&fccid=86e9be6ce380173e&vjs=3
Internship - Machine Learning,Ouva,"Remote in San Francisco, CA 94114",Posted 30+ days ago,https://www.indeed.com/rc/clk?jk=ef09fdf83bb06b5c&fccid=d0d66afd63d95cbf&vjs=3
Toner Supplies Marketing - Intern for Data Science,HP,New York State,Posted 30+ days ago,https://www.indeed.com/rc/clk?jk=ce7303304f5625b0&fccid=1b866506aec22461&vjs=3
Applied Data Science Analysis Student Employee,Electric Power Research Institute,"Charlotte, NC 28262_(University City North area)",Posted 11 days ago,https://www.indeed.com/rc/clk?jk=307eb90350960dd1&fccid=71084fa2202b6e9d&vjs=3
Intern- Software Engineer for AI & Algorithm,ZEISS Group,"Dublin, CA",Posted 30+ days ago,https://www.indeed.com/rc/clk?jk=ec260da7a420abd2&fccid=47148e4eb4f2966b&vjs=3
Data Science Specialist - Internship,Upper Hand,"Indianapolis, IN",Posted 30+ days ago,https://www.indeed.com/rc/clk?jk=4b72ec7b628d2494&fccid=1e14f1ec3d912ee7&vjs=3
Data Science Intern,American Fidelity Assurance,"Oklahoma City, OK",Posted 30+ days ago,https://www.indeed.com/rc/clk?jk=86751c2916877cb4&fccid=60d3e145f7bcc19c&vjs=3
Graduate Student Intern - Machine Learning,LaunchBay,"North Billerica, MA 01862",,https://www.indeed.com/rc/clk?jk=dc582b1e2a238c0f&fccid=b8cd1a2eb03d5efb&vjs=3
"Research Intern, Artificial Intelligence",Absci,"New York, NY",,https://www.indeed.com/rc/clk?jk=22d2521a17cc6944&fccid=37a7d9e7cd19aad7&vjs=3
"Artificial Intelligence & Machine Learning, Internship",ENA Corporate,"Remote in Charlotte, NC",,https://www.indeed.com/rc/clk?jk=80e9a5be9af4fc1a&fccid=dd616958bd9ddc12&vjs=3
2023 Fall Intern - Machine Learning Research - Vision and Language Learning (6 months),Genentech,"San Francisco, CA_(Mission Bay area)",,https://www.indeed.com/rc/clk?jk=b4494991ba633575&fccid=2525cc4a9a704809&vjs=3
2023 Data Science Researcher Intern,Samsung Research America Internship,"Mountain View, CA",,https://www.indeed.com/rc/clk?jk=507c95fa76d09947&fccid=f98eb70205204fcf&vjs=3
Data Scientist Intern,United States Steel,"Osceola, AR",,https://www.indeed.com/rc/clk?jk=89b73061e3e9799a&fccid=e3ae5688b2515741&vjs=3
Data Engineer Intern 2024,Voloridge Investment Management,"Jupiter, FL 33477",,https://www.indeed.com/rc/clk?jk=4370c3af9d927a6d&fccid=fccd85f1ee696c5b&vjs=3
Statistical Programmer Intern,Katalyst Healthcares & Life Sciences,"Burlingame, CA 94010",,https://www.indeed.com/rc/clk?jk=c9cba0e906bb093f&fccid=951ab475814d0147&vjs=3
Software Engineer Intern for Workstations Data Science Team,HP,"Spring, TX 77389",,https://www.indeed.com/rc/clk?jk=03825886e14d5357&fccid=1b866506aec22461&vjs=3
"Intern - Data-model integration, R&D Grad Year Round",Sandia National Laboratories,"Emeryville, CA",,https://www.indeed.com/rc/clk?jk=cd0dd09cab1062fc&fccid=6153cf878ee73d92&vjs=3
Data Science Intern,Ameritas,"Lincoln, NE 68510_(South 48th Street area)",,https://www.indeed.com/rc/clk?jk=0466f1da3eca95b9&fccid=101127093b5c64ae&vjs=3
UIUC Research Park Intern - Machine Learning,Rivian,"Champaign, IL 61820",,https://www.indeed.com/rc/clk?jk=8088a39f2ba1b329&fccid=ab392afaee93f976&vjs=3
Internship - Machine Learning,Ouva,"Remote in San Francisco, CA 94114",,https://www.indeed.com/rc/clk?jk=ef09fdf83bb06b5c&fccid=d0d66afd63d95cbf&vjs=3
Toner Supplies Marketing - Intern for Data Science,HP,New York State,,https://www.indeed.com/rc/clk?jk=ce7303304f5625b0&fccid=1b866506aec22461&vjs=3
Battery Data Scientist Internship (Fall 2023),Tesla,"Palo Alto, CA",,https://www.indeed.com/rc/clk?jk=c1f529ced1506bcf&fccid=86e9be6ce380173e&vjs=3
Marketing Data Science Intern,Live Nation,"Beverly Hills, CA 90210",Posted 30+ days ago,https://www.indeed.com/rc/clk?jk=6326ef2f1f49b915&fccid=f2d0ffe36bb2f0f4&vjs=3
Software Engineering Intern (Machine Learning Sys-US) - 2023 Fall (BS/MS),ByteDance,"Seattle, WA",Posted 30+ days ago,https://www.indeed.com/rc/clk?jk=4d3bf941a9aaa905&fccid=74fbc768a4e5bece&vjs=3
Internships in Machine Learning Research,Center for Advanced Imaging Innovation and...,"New York, NY 10016_(Tudor City area)",Posted 21 days ago,https://www.indeed.com/rc/clk?jk=8c8e05ab56ec0524&fccid=ed6035e76045d88c&vjs=3
Deep Learning Architecture Intern - Fall 2023,NVIDIA,"Santa Clara, CA",Posted 3 days ago,https://www.indeed.com/rc/clk?jk=79ec9e32f07394a2&fccid=c267f29f0f85e8b8&vjs=3
JAVA / Natural Language Processing (NLP) Developer - Intern,Neuro Systems,"Herndon, VA 20170",Posted 30+ days ago,https://www.indeed.com/rc/clk?jk=5a614fa91f290874&fccid=03ff31cc9e433629&vjs=3
Nittany AI Advance Internship - PSU Undergrad - Multiple Opportunities,Penn State University,"University Park, PA",Posted 30+ days ago,https://www.indeed.com/rc/clk?jk=969ce4114a8fd624&fccid=ee32437d8dec00bd&vjs=3
"Artificial Intelligence (AI) Programmer, Internship",World Wide Land Transfer,"Hybrid remote in Trevose, PA",Posted 6 days ago,https://www.indeed.com/rc/clk?jk=45e70badd6bb4e96&fccid=10c03954ef375c5f&vjs=3
Machine Learning Intern(SAMI Audio Creation) - 2023 Summer (MS/PhD),TikTok,"Seattle, WA",Posted 30+ days ago,https://www.indeed.com/rc/clk?jk=32f5fb25626332e3&fccid=caed318a9335aac0&vjs=3
Natural Language & Speech Processing RESEARCH INTERNSHIP,Tencent,"Bellevue, WA",Posted 30+ days ago,https://www.indeed.com/rc/clk?jk=c4fe42fda1294811&fccid=e89c1962acedb6a5&vjs=3
Research Intern (Machine Learning Sys-US) - 2023 Fall (PhD),ByteDance,"Seattle, WA",Posted 30+ days ago,https://www.indeed.com/rc/clk?jk=62de2bb098a8d646&fccid=74fbc768a4e5bece&vjs=3
PhD Machine Learning Engineer Intern (Fall 2023),Block,"Hybrid remote in San Francisco, CA",Posted 30+ days ago,https://www.indeed.com/rc/clk?jk=662ee70f5a203d9e&fccid=6f1129ccfbf5c9e9&vjs=3
"2023 Fall Applied Science Internship - Natural Language Processing and Speech Technologies - United States, Student Science Recruiting",Amazon.com Services LLC,"Seattle, WA",Posted 30+ days ago,https://www.indeed.com/rc/clk?jk=781563261c4d0ae2&fccid=fe2d21eef233e94a&vjs=3
DEVCOM Data & Analysis Center (DAC) Mathematical/Engineering Internship,U.S. Department of Defense (DOD),"Aberdeen Proving Ground, MD",Posted 30+ days ago,https://www.indeed.com/rc/clk?jk=c0b03d97e6c8ead9&fccid=ca509b164585637a&vjs=3
Statistical Intern,University of Pennsylvania,"Philadelphia, PA",Posted 30+ days ago,https://www.indeed.com/rc/clk?jk=4dc0680f2257f33c&fccid=ebd944f3c244d667&vjs=3
PEO DHMS / EIDS Data Science Summer Internships/Fellowships,U.S. Department of Defense (DOD),United States,Posted 30+ days ago,https://www.indeed.com/rc/clk?jk=3f6b13dae045e019&fccid=ca509b164585637a&vjs=3
"AI Inference Software Engineer Intern, Autonomy (Fall 2023)",Tesla,"Palo Alto, CA",Posted 30+ days ago,https://www.indeed.com/rc/clk?jk=0539411f208610af&fccid=86e9be6ce380173e&vjs=3
UIUC Research Park Intern - Machine Learning,Rivian,"Champaign, IL 61820",Posted 4 days ago,https://www.indeed.com/rc/clk?jk=8088a39f2ba1b329&fccid=ab392afaee93f976&vjs=3
Environment & Business Data Scientist - Internship,Safran,"Remote in Grand Prairie, TX",Posted 30+ days ago,https://www.indeed.com/rc/clk?jk=699ef5fe0f696b27&fccid=b3885ca934ed0066&vjs=3
"Intern, Innovation and AI Engineering (Fall 2023)",Inclusively,"Atlanta, GA 30354_(Hartsfield-Jackson Atlanta International Airport area)",Posted 3 days ago,https://www.indeed.com/company/Inclusively/jobs/Engineering-Intern-13a3d53862dc4531?fccid=ef49cdc7b08c5254&vjs=3
"Intern - Data-model integration, R&D Grad Year Round",Sandia National Laboratories,"Emeryville, CA",Posted 30+ days ago,https://www.indeed.com/rc/clk?jk=cd0dd09cab1062fc&fccid=6153cf878ee73d92&vjs=3
AI Application Intern,Tencent,"Palo Alto, CA 94306_(Ventura area)",Posted 30+ days ago,https://www.indeed.com/rc/clk?jk=677ed504c0a6f6f3&fccid=e89c1962acedb6a5&vjs=3
Natural Language Processing Intern,Bosch Group,"Sunnyvale, CA 94085_(East Murphy area)",Posted 27 days ago,https://www.indeed.com/rc/clk?jk=519707098457b1f2&fccid=a2faf1301ac6ad4b&vjs=3
Data Science Intern,American Fidelity Assurance,"Oklahoma City, OK",Posted 30+ days ago,https://www.indeed.com/rc/clk?jk=86751c2916877cb4&fccid=60d3e145f7bcc19c&vjs=3
Marketing Data Science Intern,Live Nation,"Beverly Hills, CA 90210",Posted 30+ days ago,https://www.indeed.com/rc/clk?jk=6326ef2f1f49b915&fccid=f2d0ffe36bb2f0f4&vjs=3
Doctorate Intern in Machine Learning and Reasoning,HRL Laboratories,"Calabasas, CA",Posted 30+ days ago,https://www.indeed.com/rc/clk?jk=33986c36b6ced56c&fccid=61a105cfbc724ff8&vjs=3
Summer 2023 Data Center GPU Validation Co-Op/ Intern,"Advanced Micro Devices, Inc.","Austin, TX",Posted 30+ days ago,https://www.indeed.com/rc/clk?jk=1f7832ce253836a3&fccid=b45c4b5a9c9a7448&vjs=3
Statistical Programmer/Analyst intern (paid)(on-site),ClinChoice Inc,"Fort Washington, PA 19034",Posted 30+ days ago,https://www.indeed.com/rc/clk?jk=471017c2015a772f&fccid=5140557d918b8156&vjs=3
"Artificial Intelligence (AI) Programmer, Internship",World Wide Land Transfer,"Hybrid remote in Trevose, PA",Posted 6 days ago,https://www.indeed.com/rc/clk?jk=45e70badd6bb4e96&fccid=10c03954ef375c5f&vjs=3
Software Engineering Intern (Machine Learning Sys-US) - 2023 Fall (BS/MS),ByteDance,"Seattle, WA",Posted 30+ days ago,https://www.indeed.com/rc/clk?jk=4d3bf941a9aaa905&fccid=74fbc768a4e5bece&vjs=3
"Machine Learning Intern, 3D Computer Vision _ Autopilot, AI",Tesla,"Palo Alto, CA",Posted 30+ days ago,https://www.indeed.com/rc/clk?jk=8be6621811148258&fccid=86e9be6ce380173e&vjs=3
Summer 2023 Data Center GPU Validation Co-Op/ Intern,"Advanced Micro Devices, Inc.","Austin, TX",Posted 30+ days ago,https://www.indeed.com/rc/clk?jk=1f7832ce253836a3&fccid=b45c4b5a9c9a7448&vjs=3
Natural Language & Speech Processing RESEARCH INTERNSHIP,Tencent,"Bellevue, WA",Posted 30+ days ago,https://www.indeed.com/rc/clk?jk=c4fe42fda1294811&fccid=e89c1962acedb6a5&vjs=3
JAVA / Natural Language Processing (NLP) Developer - Intern,Neuro Systems,"Herndon, VA 20170",Posted 30+ days ago,https://www.indeed.com/rc/clk?jk=5a614fa91f290874&fccid=03ff31cc9e433629&vjs=3
Spring '23 Machine Learning/HPC Architect Co-Op/ Intern,"Advanced Micro Devices, Inc.","Roseville, CA",Posted 30+ days ago,https://www.indeed.com/rc/clk?jk=668e76113afa625e&fccid=b45c4b5a9c9a7448&vjs=3
Machine Learning Intern(SAMI Audio Creation) - 2023 Summer (MS/PhD),TikTok,"Seattle, WA",Posted 30+ days ago,https://www.indeed.com/rc/clk?jk=32f5fb25626332e3&fccid=caed318a9335aac0&vjs=3
Research Intern (Machine Learning Sys-US) - 2023 Fall (PhD),ByteDance,"Seattle, WA",Posted 30+ days ago,https://www.indeed.com/rc/clk?jk=62de2bb098a8d646&fccid=74fbc768a4e5bece&vjs=3
"2023 Fall Applied Science Internship - Natural Language Processing and Speech Technologies - United States, Student Science Recruiting",Amazon.com Services LLC,"Seattle, WA",Posted 30+ days ago,https://www.indeed.com/rc/clk?jk=781563261c4d0ae2&fccid=fe2d21eef233e94a&vjs=3
PhD Machine Learning Engineer Intern (Fall 2023),Block,"Hybrid remote in San Francisco, CA",Posted 30+ days ago,https://www.indeed.com/rc/clk?jk=662ee70f5a203d9e&fccid=6f1129ccfbf5c9e9&vjs=3
Statistical Programmer/Analyst intern (paid)(on-site),ClinChoice Inc,"Fort Washington, PA 19034",Posted 30+ days ago,https://www.indeed.com/rc/clk?jk=471017c2015a772f&fccid=5140557d918b8156&vjs=3
Computer Vision Intern - Deep Learning,Fyusion,"San Francisco, CA",Posted 30+ days ago,https://www.indeed.com/rc/clk?jk=a934bc53e8b60997&fccid=b3583366108da475&vjs=3
Machine Learning Computer Vision Co-op/Intern,USG Corporation,"Hybrid remote in Chicago, IL 60661",Posted 3 days ago,https://www.indeed.com/rc/clk?jk=e50f132e665075f1&fccid=a942bd4caa6cb72b&vjs=3
DEVCOM Data & Analysis Center (DAC) Mathematical/Engineering Internship,U.S. Department of Defense (DOD),"Aberdeen Proving Ground, MD",Posted 30+ days ago,https://www.indeed.com/rc/clk?jk=c0b03d97e6c8ead9&fccid=ca509b164585637a&vjs=3
"PhD Intern, AI Software Engineer",HRL Laboratories,"Calabasas, CA",Posted 30+ days ago,https://www.indeed.com/rc/clk?jk=2918b95eb7ed5fca&fccid=61a105cfbc724ff8&vjs=3
Data Science Intern,San Diego Association of Governments,"San Diego, CA 92101_(Core-Columbia area)",Posted 30+ days ago,https://www.indeed.com/rc/clk?jk=cdff6d01facbe3d2&fccid=8ffc6bdfa5f7e3f6&vjs=3
Statistical Intern,University of Pennsylvania,"Philadelphia, PA",Posted 30+ days ago,https://www.indeed.com/rc/clk?jk=4dc0680f2257f33c&fccid=ebd944f3c244d667&vjs=3
"Student Internship in ""Emergent Materials Enabled by Nanoscience, Synthetic Biology, and Machine Learning"" at DEVCOM-SC",U.S. Department of Defense (DOD),United States,Posted 30+ days ago,https://www.indeed.com/rc/clk?jk=3c70f6972cca22b1&fccid=ca509b164585637a&vjs=3